nombre,tipo,lat,lon
Hospital San Angel Inn,hospital,19.3403526,-99.1998410
Santa Teresita,hospital,19.4223048,-99.2063529
Sanatorio Durango,clinic,19.4191311,-99.1729587
Unnamed,hospital,19.3078278,-98.9203085
Unidad de Medicina Familiar 23 Unidad Morelos,clinic,19.4778502,-99.0964222
Clínica Hospital 8 IMSS,hospital,19.3366121,-99.2009685
Instituto Nacional de Pediatria,hospital,19.3061300,-99.1851961
Hospital Dermatológico Ladislao Pascua,hospital,19.4064813,-99.1495056
Dentix,hospital,19.3673609,-99.1803765
Santa Coleta,hospital,19.3678240,-99.1865152
Clinica IMSS 184,hospital,19.6157430,-99.1986815
Instituto Nacional de Higiene,hospital,19.4547365,-99.1809227
santa maria tepepan,hospital,19.2683926,-99.1392026
Unidad de Medicina Familiar 28 Del Valle,clinic,19.3839500,-99.1652705
Unidad de Medicina Familiar 19 Coyoacán,clinic,19.3472369,-99.1631419
Centro de Salud Dr. D. Orvañanos,hospital,19.4442171,-99.1354083
Centro de Salud José Zozaya,hospital,19.3985249,-99.1187686
Dr. Rio de la Loza (Ginecología),hospital,19.5143881,-99.2614959
Hospital Psiquiátrico,hospital,19.6126250,-98.9517111
Unidad de Medicina Familiar 15 Ermita Iztapalapa,clinic,19.3575614,-99.1239860
Hospital Materno Infantil Inguarán,hospital,19.4520667,-99.1130365
Unnamed,hospital,19.5208892,-99.1093908
Hospital Punto Médico,hospital,19.4153725,-99.1550669
"Hospital Consultores Ambientales, S.A. De C.V.",hospital,19.4155616,-99.1570999
"Hospital Santa Elena, Angeles Roma",hospital,19.4153010,-99.1570758
Hospital General Xoco,hospital,19.3603343,-99.1624076
Hospital General Enrique Cabrera,hospital,19.3615894,-99.2243126
Hospital General Ticoman,hospital,19.5145772,-99.1380497
Hospital General Rubén Leñero,hospital,19.4513407,-99.1694061
Hospital Materno Infantil Dr. Nicolas M. Cedillo,hospital,19.4971714,-99.2035124
Hospital Pediatrico Azcapotzalco,hospital,19.4841167,-99.1856214
Hospital Pediatrico la Villa,hospital,19.4872044,-99.1141898
Hospital Materno Infantil Cuautepec,hospital,19.5397608,-99.1408013
Hospital Pediátrico Iztacalco,hospital,19.4025983,-99.1177983
Hospital Pediátrico Iztapalapa,hospital,19.3565253,-99.1076907
Hospital Pediátrico Legaria,hospital,19.4506799,-99.2032965
Hospital Pediatrico Moctezuma,hospital,19.4327232,-99.0981339
Hospital Materno Infantil Xochimilco,hospital,19.2542119,-99.1047945
Hospital General Milpa Alta,hospital,19.2008455,-99.0110247
Issste Clinica Medico Familiar Xochimilco,hospital,19.2567655,-99.1082426
Clinica Samano,hospital,19.5323450,-99.0480861
clinica samano,hospital,19.5324011,-99.0476158
"Clínica de Especialidades ""Churubusco""",hospital,19.3455142,-99.1451247
Hospital Vivo Ciudad Azteca,hospital,19.5333405,-99.0270736
Unnamed,dentist,19.4829067,-99.0533327
Unnamed,dentist,19.6888063,-98.9806128
"Centro de salud ""Nueva aragon""",hospital,19.5041365,-99.0172826
Clínica del IMSS 185,clinic,19.5987868,-99.1778773
Consultorio Dental Dr. Aurora Berenice Pena Zepeda,dentist,19.3017752,-99.0639400
Hospital de la Divina Providencia,hospital,19.4810140,-99.1848990
Ampl. Hospital de la Divina Providencia,hospital,19.4806822,-99.1844600
ISSSTE Clinica de Medicina Familiar,hospital,19.4826851,-99.1880483
ISSSTE Clínica Cuitlahuac,hospital,19.4718047,-99.1658196
Unidad de Medicina Familiar 2 Sta. María,clinic,19.4456121,-99.1591091
Clínica de Dios,hospital,19.2512423,-99.1696350
Médica Prado Vallejo,hospital,19.5109992,-99.1639864
Laboratiorio Médico Polanco,clinic,19.6517425,-99.2087910
Hospital Star Médica Luna Parc,hospital,19.6576147,-99.2101544
Unnamed,dentist,19.3073605,-99.2486041
Podologos,clinic,19.3615783,-99.1211228
Hospital Churubusco,hospital,19.3616126,-99.1213644
Unnamed,dentist,19.3947104,-99.1437998
Unnamed,hospital,19.4007961,-99.1497404
Unnamed,hospital,19.3930861,-99.1777866
Unik Dental,dentist,19.4000196,-99.1547616
Servicio Medico Profesional,clinic,19.4000223,-99.1539470
Podologia,hospital,19.4018662,-99.1502893
Deposito Dental,dentist,19.3985288,-99.1519301
Consultorio Similares,clinic,19.3980439,-99.1527550
Ortopedia Flores,hospital,19.3997787,-99.1491481
Ortopedia Mitla 4,hospital,19.3997233,-99.1491788
Unnamed,hospital,19.3996861,-99.1476341
Unnamed,clinic,19.4006355,-99.1464486
Sanatorio Adventista,clinic,19.4009714,-99.1775715
Unnamed,hospital,19.3290459,-99.2726709
Centro de Salud T-III Dr. David Fragoso,hospital,19.2652777,-99.1608719
Depósito Dental Villa de Cortés,dentist,19.3889861,-99.1384367
Odontología Integral,dentist,19.3630269,-99.1488286
Laboratorio Médico Polanco,clinic,19.3751046,-99.1544565
Clínica Prensa,clinic,19.4430683,-99.1476985
Hospital Star Médica Roma,hospital,19.4139311,-99.1612587
C.S. T-I El Piru,clinic,19.3815366,-99.2175232
Hospital Tehuantepec,hospital,19.4050112,-99.1625655
Unnamed,dentist,19.4553064,-99.0450108
Hospital General La Perla Nezahualcoyotl,hospital,19.3873904,-98.9896243
Unidad de Medicina Familiar 41 Fortuna,clinic,19.4834663,-99.1320243
Hospital Ciudad Satelite,hospital,19.5136584,-99.2373862
ISSSTE,clinic,19.4987590,-99.2506397
Hospital Militar de Zona,hospital,19.3123584,-99.0820964
Ikident,dentist,19.3959988,-99.1029303
Odontología Integral,dentist,19.2965890,-99.2337123
Hospital vicentino y casa hogar,hospital,19.3396860,-99.1999184
SSA,hospital,19.5747140,-99.2436724
Dental Elit,dentist,19.5282926,-99.2280036
Consultorio Dental Boca Sana,dentist,19.5019575,-99.2733501
Centro de Salud T-II Ramos Millan,hospital,19.3859363,-99.0954454
DIF Real de Tultepec,clinic,19.6600588,-99.1154624
Instituto Oftalmologia,hospital,19.4225708,-99.1418319
Podología Centro Experto Feet,clinic,19.3137634,-99.1326204
Dra Villalobos,dentist,19.4963097,-99.2534041
Odontología,dentist,19.3739628,-99.1564849
"Clínica de medicina familiar ""Ermita""",clinic,19.3594389,-99.1400167
Torre Médica Salaverry,clinic,19.4987078,-99.1291658
Unnamed,dentist,19.4984754,-99.2532859
Centro de salud Ramos Millan,hospital,19.3864154,-99.0956199
Unnamed,dentist,19.4918602,-99.2529886
Unnamed,dentist,19.4920446,-99.2530658
Clinica Tonanitla,hospital,19.6875269,-99.0529217
Clínica dental,dentist,19.4984079,-99.2010633
Clínica Londres,clinic,19.4215479,-99.1581396
Unnamed,dentist,19.2910842,-99.1245164
Médica Coapa,hospital,19.2944627,-99.1303368
Unnamed,clinic,19.2955158,-99.1340930
Unidad Médica Coapa,clinic,19.2958272,-99.1336531
Laboratorio Médica Sur Acoxpa,clinic,19.2964526,-99.1339147
Laboratorio Médico Polanco,clinic,19.2938394,-99.1576881
Laboratorios Médicos El Chopo,clinic,19.2923635,-99.1596287
Laboratorio dental,dentist,19.2673603,-99.1210766
Laboratorios El Chopo,clinic,19.3032832,-99.1734409
Heinlym,dentist,19.2996688,-99.1314675
Dentimex,dentist,19.2979691,-99.1376183
Unnamed,dentist,19.3372733,-99.1450752
Unnamed,clinic,19.3364281,-99.0618826
Unnamed,clinic,19.3379405,-99.0635628
SUMEDIC ambulancias,hospital,19.2869541,-99.2361104
Laboratorio Médico del Chopo,hospital,19.4463572,-99.1555081
Laboratorios médicos Chopo,hospital,19.5494621,-99.2375285
Centro Comunitario de Salud Mental Cuauhtémoc,hospital,19.4474277,-99.1551947
Podologico Hidalgo,clinic,19.2865967,-99.1854102
"Hospital de traumatología y ortopedia No 2 ""villa coapa""",hospital,19.3096299,-99.1284724
Dental depot,dentist,19.5286982,-99.2246263
Unnamed,clinic,19.6644577,-99.1788490
Unnamed,hospital,19.6655146,-99.1813908
Unidad de Medicina Familiar 20 Vallejo,clinic,19.4823565,-99.1479704
Unidad de medicina física y rehabilitación norte,hospital,19.4835319,-99.1342805
Centro de salud Dr. Rafael Ramírez Suárez,clinic,19.4927974,-99.1420175
Centro Integral de Desarrollo Humano Jose Emilio Pacheco,clinic,19.5070680,-99.1011301
Clínica Álamo,clinic,19.4676132,-99.1510174
DIF Municipal,clinic,19.6888687,-99.0490162
Centro de Salud José María Morelos y Pavón,clinic,19.4451487,-99.1209223
Consultorio Dental,dentist,19.4624729,-99.1339670
Unnamed,dentist,19.3926524,-99.1026190
Unnamed,dentist,19.3952020,-99.1018377
Unnamed,dentist,19.3955484,-99.1020527
Hospital De Cos,hospital,19.4160151,-99.1623423
Clínica Maternidad,clinic,19.2135581,-98.9217291
Centro de Salud T-III Dr. Manuel Cárdenas de la Vega,clinic,19.4863506,-99.1129799
Hospital General IMSS Coyoacán,hospital,19.3084815,-99.1295811
Unidad de Medicina Familiar 49 El Arbolillo,clinic,19.5317212,-99.1449960
Unnamed,hospital,19.4418532,-99.1716072
Hospital Guadalupe,hospital,19.4844305,-99.1140285
Torre médica,hospital,19.5377792,-99.2276918
Unnamed,clinic,19.5435266,-99.2207334
Clínica de Medicina Familiar Coyoacán,clinic,19.3496324,-99.1582382
Hospital Boutique,hospital,19.4949160,-99.1234808
Unnamed,dentist,19.3628964,-99.0725190
"ISSSTE Unidad Especial Centro de Apoyo Diagnóstico ""San Rafael""",hospital,19.4358437,-99.1634237
Clínica de Medicina Familiar Guadalupe,clinic,19.4606445,-99.1269640
Centro Salud San Pedro,hospital,19.6801859,-99.0114598
Centro Hospitalario Sanatorio Durango,hospital,19.4183686,-99.1716807
Clínica de Especialidades Indianilla,clinic,19.4218681,-99.1491197
Unnamed,clinic,19.6554942,-99.1108725
Unnamed,hospital,19.5357995,-99.1968054
DIF Chiconautla,clinic,19.6346366,-99.0001627
Unnamed,dentist,19.4188586,-99.0865099
UMF No. 191  IMSS,clinic,19.5946175,-99.0507191
Psic. Said Meza,clinic,19.4150604,-99.0838421
Clínica médica.,hospital,19.3813291,-99.1249754
Unidad Centro De Salud T-1 Chimalpa,hospital,19.3545158,-99.3191599
Laboratorios Clinicos Azteca,clinic,19.5277335,-99.1567992
Hospital Medex,hospital,19.4161532,-99.1588141
Centro de salud Palo Alto,hospital,19.3828691,-99.2552566
Clínica B.I.G.,clinic,19.4426426,-99.1919637
Psiquiatra,clinic,19.2913505,-99.1616102
Unnamed,clinic,19.4275771,-99.1353140
Clinica de la ENMH,clinic,19.5116996,-99.1382894
Clinica Medica Polanco,clinic,19.4332723,-99.1999748
ISSSTE C.M.F. Perú,hospital,19.4395299,-99.1381773
UMAA 199,clinic,19.5772498,-99.2088779
Clínica Dental Centauro,dentist,19.5024203,-99.1769513
Centro de Salud T-lll Dr. Atanasio Garza Rios,clinic,19.4181977,-99.1473688
Hospital General Regional 2 IMSS,hospital,19.3087697,-99.1296862
IMSS HGR 2/URGENCIAS,hospital,19.3096388,-99.1291750
Hospital Elizur,hospital,19.5356059,-99.1965193
Centro de Salud Rural Cuavanal,clinic,19.6143540,-98.9177332
Hospital Globalmed,clinic,19.5340964,-99.2258147
Dental Art,dentist,19.4176269,-99.0893622
Unnamed,dentist,19.3835654,-99.1771047
Hospital Loma Linda,clinic,19.4595679,-99.2537104
"Sanatorio Privado Santa Clara, S.C.",clinic,19.4600241,-99.2400327
Whitr smile,dentist,19.4101470,-99.1906296
Unnamed,dentist,19.3141940,-99.1245341
Unnamed,dentist,19.3032851,-99.1225423
Unidad de Medicina Familiar 5 C. Anahuac,clinic,19.4490823,-99.1826450
Unnamed,dentist,19.4091081,-99.0921924
Policlínica,clinic,19.4368819,-99.1496394
Luis Flores,dentist,19.5133923,-99.2058344
DIF,clinic,19.5119281,-99.2068065
Unnamed,dentist,19.3898109,-99.1508899
Unnamed,dentist,19.3961507,-99.1450195
Centro De Salud T1 Tetelpan,clinic,19.3415156,-99.2312421
Esculturalment Control de Peso,clinic,19.4170121,-99.0896317
Odontologo,dentist,19.4193894,-99.0907043
Alcoholicos Anonimos,clinic,19.4178063,-99.0895222
Unnamed,dentist,19.6431773,-99.2201242
Unnamed,dentist,19.6421153,-99.2192152
Instituto Nacional de Psiquiatría,hospital,19.2895487,-99.1549306
SRE Medicina Alternativa,clinic,19.3845113,-99.1370593
Find Lice,clinic,19.5072652,-99.2343026
ISSEMYM,hospital,19.5703159,-99.0459807
Issemym,hospital,19.5811947,-99.0168387
Unnamed,clinic,19.5495739,-99.0743389
Unidad de Medicina Familiar 93,hospital,19.5501232,-99.0517137
Salud Digna,clinic,19.5430316,-99.1945045
ISSEMYM Ecatepec,hospital,19.6093786,-99.0504374
VRH Dental,dentist,19.2901201,-99.1792408
ISSSTE Clínica de Medicina Familitar Xalostoc,hospital,19.5506230,-99.0515915
Clinica Especializada en el Manejo Integral de la Diabetes Iztapalapa,hospital,19.3666033,-99.1113957
Centro Medico Huixquilucan,hospital,19.3615562,-99.3493092
Centro de Salud Santa María de Guadalupe,hospital,19.5925946,-99.1916659
DIF,clinic,19.3655673,-99.3423513
Hospital Campos Castellanos Jorge,hospital,19.3986431,-99.3290624
Efraín Díaz Jouanen,hospital,19.4005799,-99.3118300
Dental San José,dentist,19.3786838,-99.2194386
Unnamed,dentist,19.4751035,-99.1149227
Hospital Ángeles Dalinde,hospital,19.4053707,-99.1678461
Hospital Pediatrico de Azcapotzalco,hospital,19.4842608,-99.1852226
Unnamed,clinic,19.4310371,-99.2191173
Denta Clear,dentist,19.3328326,-99.1527116
Grupo Médico Byo,clinic,19.3860103,-99.1676021
Destis+a,dentist,19.4781466,-99.1883909
Centros Zenith Interlomas,clinic,19.3963153,-99.2873831
Clínica Eugenio Sue,clinic,19.4377286,-99.1935910
193,clinic,19.4111505,-99.1200232
Olab,clinic,19.4205056,-99.1563070
Chopo del Valle,clinic,19.3965379,-99.1616401
Om Dental,dentist,19.4068441,-99.1678435
Clínica La Viga,clinic,19.3685145,-99.1226698
Hospital de aves FMVZ- UNAM,hospital,19.3294366,-99.1767088
MCZE Hospital para Équidos,hospital,19.3301095,-99.1767591
Clinica SERVIMED,clinic,19.2856652,-99.2186545
CAMI,clinic,19.5604524,-99.2970960
CARE,dentist,19.5590259,-99.2968799
Centro Quirurgico Esmeralda,clinic,19.5594152,-99.2959936
Sandra Legaspy,clinic,19.5489028,-99.2882915
Dr. Schools,clinic,19.5490834,-99.2882729
Dentix,dentist,19.5498022,-99.2746692
Cenegenics Wellnes,clinic,19.3568757,-99.2836814
Clínica de Colposcopia Fundación Cruz Talonia,hospital,19.3772570,-99.1333431
"IMSS Hospital General de Zona 1-A Dr. Rodolfo Antonio de Mucha Macias ""Venados""",hospital,19.3699886,-99.1558906
Clinic Dental,dentist,19.4182257,-99.0892546
Unnamed,dentist,19.4548085,-99.2374010
Unnamed,dentist,19.4536471,-99.2372226
Centro de Salud Magdalena Panoaya,hospital,19.5359858,-98.9119316
Dental Santa Cecilia,dentist,19.5514287,-99.1762484
Consultorio De Jesús,dentist,19.5466133,-99.1770492
Consultorio Médico,clinic,19.3859021,-99.2832917
Podologia Integralpodiasa,clinic,19.2837157,-99.2326189
Unnamed,dentist,19.2887074,-99.2288067
Consultorio dental,dentist,19.3095663,-99.2286692
Unnamed,dentist,19.3110965,-99.2252970
VILLA ALVARO OBREGON,clinic,19.3510495,-99.1902707
1ro de Mayo,hospital,19.3916524,-99.1872371
Consulta de Especialidades,clinic,19.4184456,-99.1741210
Unnamed,dentist,19.3777825,-99.1909726
ISSSTE,clinic,19.4317306,-99.1420839
Clínica Periférica Padierna,dentist,19.2939803,-99.2274106
Centro de Salud Dos Ríos,clinic,19.3720759,-99.3440209
Clínica de Medicina del Deporte y Rehabilitación,clinic,19.3716676,-99.0357921
Centro de Salud T-II Hortencia,clinic,19.2972385,-99.2288016
Consultorio Dental Axel,dentist,19.3950628,-98.9973388
Cruz Roja Mexicana La Perla,hospital,19.3890459,-98.9979011
Hospital General Gustavo Baz,hospital,19.4223720,-99.0152119
ISSSTE,hospital,19.4214803,-99.0138929
Santa Rosa,clinic,19.4013634,-98.9959925
Laboratorio Médico Santa Martha,clinic,19.3948348,-98.9995536
Módulo de Vacunación COVID-19,hospital,19.3841045,-99.0078283
Odontología Integral,dentist,19.4823491,-99.1831688
Consultorio Dental,dentist,19.4697847,-99.2471313
Laboratorio Quest,hospital,19.3889784,-99.2929057
Dentalia,dentist,19.4223724,-99.2601159
Hospital Santa Monica,hospital,19.4338680,-99.1918907
Farmacia ETC,hospital,19.4155968,-99.2978939
Clinica de Reproducción,clinic,19.4341853,-99.1915568
Unnamed,clinic,19.3946185,-99.1681562
Centro de Salud de Ozumbilla,hospital,19.6698373,-99.0016044
Dentista y Ortodoncia,dentist,19.3378080,-99.2382528
centro de salud T-III CUAJIMALPA,clinic,19.3566912,-99.2974094
odontologia padilla,dentist,19.3563661,-99.2973771
Unnamed,dentist,19.3752201,-99.1905254
central de emergencias,hospital,19.3532048,-99.3009542
salud digna,clinic,19.6336480,-99.1178519
Dentista,dentist,19.6292329,-99.1064245
Unnamed,dentist,19.3771975,-99.1824643
Odontotall Dentist,dentist,19.4563550,-99.1765027
Centro de Salud,clinic,19.3717798,-99.2387689
Unnamed,hospital,19.3586540,-98.9796335
Consultorio Dental,dentist,19.3649802,-99.1533687
DIF,hospital,19.3440460,-99.3441146
White & Bright,dentist,19.4091346,-99.1636675
Centro odontológico de ortodiagnóstico,dentist,19.3538061,-99.0732418
Hospital Angeles Santa Monica,hospital,19.4358898,-99.1916578
Imss Villalonguin,hospital,19.4340558,-99.1655405
CADEVI,clinic,19.4769057,-99.2590258
Hospital General Enrique Cabrera,hospital,19.3614426,-99.2241327
OmarDent,dentist,19.3045712,-99.0814910
Clínica dental Tepeyac,dentist,19.4827150,-99.1217933
Sanatorio Unión,clinic,19.4828954,-99.1215092
Hospital Pediátrico de la Cruz Blanca Neutral,hospital,19.3453732,-99.1511488
Hospital SMA,hospital,19.3394541,-99.1456263
Unnamed,dentist,19.3569615,-99.0719116
La Clínica Dental,dentist,19.3792593,-99.1874564
Unnamed,dentist,19.3533763,-99.1259128
MX Brackets,dentist,19.3556185,-99.1024840
Clínica Dental,dentist,19.3533342,-99.1248124
Clínica Tasqueña,clinic,19.3435103,-99.1391514
Policlínica Coacalco,clinic,19.6312531,-99.1040800
WeHeal Clínica Médica y Dental,clinic,19.4363013,-99.2029912
Hospital Carso 3,hospital,19.4446422,-99.2047507
Centro de salud,hospital,19.3890727,-99.2831117
Hospital Santiago Apóstol de Cuautepec,hospital,19.5266438,-99.1423963
Unnamed,dentist,19.5276697,-99.1393937
Mitzi Rendon,dentist,19.5282162,-99.1390342
Unnamed,dentist,19.5207571,-99.1572403
Unnamed,dentist,19.5227631,-99.1432429
CSS Progreso Nacional,clinic,19.5184770,-99.1562243
Unnamed,dentist,19.5301930,-99.1399619
Unnamed,dentist,19.5264877,-99.1443584
Unnamed,dentist,19.5305733,-99.1438382
Unnamed,dentist,19.5215974,-99.1421321
Unnamed,dentist,19.5153869,-99.1373219
Unnamed,dentist,19.5151256,-99.1366219
Unnamed,dentist,19.5148139,-99.1353527
Homeopatica,clinic,19.5160341,-99.1376338
Unnamed,dentist,19.5157183,-99.1347850
Unnamed,dentist,19.5169873,-99.1359438
SD Dental,dentist,19.5310282,-99.1418318
Unnamed,dentist,19.5158332,-99.1341656
Unnamed,dentist,19.4891924,-99.1176921
Unnamed,dentist,19.5033968,-99.1330400
Unnamed,dentist,19.5292685,-99.1432204
Unnamed,hospital,19.2994043,-99.1349086
Unnamed,dentist,19.5440076,-99.1445118
Unidad de Medicina Familiar 12 Santa Fe,clinic,19.3883398,-99.2042195
Unidad de Medicina Familiar 33 Rosario,clinic,19.5075682,-99.2088271
Unidad de Medicina Familiar 40 Azcapotzalco,clinic,19.4949019,-99.1789510
Unidad de Medicina Familiar 39 Cfe. Xola,clinic,19.3945809,-99.1613244
Unidad de Medicina Familiar 46 Soriano,clinic,19.3244117,-99.1388393
Unidad de Medicina Familiar 9 San Pedro Pinos,clinic,19.3925679,-99.1850937
Unidad de Medicina Familiar 42 Cuajimalpa,clinic,19.3652848,-99.2931003
Unidad de Medicina Familiar 38 Cfe. Parque España,clinic,19.4165221,-99.1700973
Unidad de Medicina Familiar 94 San Juan Aragón,clinic,19.4730792,-99.0811457
Unidad de Medicina Familiar 4 Doctores,clinic,19.4192449,-99.1506717
Unidad de Medicina Familiar 36 C. Atzacoalco,clinic,19.4994299,-99.0943148
Unidad de Medicina Familiar 44 La Escalera,clinic,19.5130170,-99.1398245
Unidad de Medicina Familiar 11 Peralvillo,clinic,19.4685593,-99.1299771
Unidad de Medicina Familiar 45 Iztacalco,clinic,19.3856801,-99.0952835
Unidad de Medicina Familiar 18 Contreras,clinic,19.3098128,-99.2308471
Unidad de Medicina Familiar 22 Independecia,clinic,19.3309155,-99.2177298
Unidad de Medicina Familiar 140 La Teja,clinic,19.3040787,-99.2484098
Unidad de Medicina Familiar 14 Aeropuerto,clinic,19.4230646,-99.0950985
Unidad de Medicina Familiar 6 Merced,clinic,19.4306144,-99.1244786
Unnamed,dentist,19.5273972,-99.1444834
Unnamed,dentist,19.5020713,-99.1559364
Clinica Dental,dentist,19.5023424,-99.1565710
Unnamed,dentist,19.5390352,-99.1402259
Unnamed,dentist,19.5441159,-99.1386491
Unnamed,dentist,19.5388767,-99.1402901
Unnamed,dentist,19.5417132,-99.1397588
Unnamed,dentist,19.5359280,-99.1419850
Unnamed,dentist,19.5423207,-99.1387693
Consultorio Morell,dentist,19.4628180,-99.1286855
Unnamed,clinic,19.4606851,-99.1276068
Unnamed,dentist,19.4728936,-99.1231007
Consultorio Dental Jea,dentist,19.5283007,-99.1415345
Médicos militares,clinic,19.3672694,-99.2882545
Unnamed,dentist,19.5308748,-99.1446410
Unnamed,dentist,19.5124248,-99.1411380
Unnamed,dentist,19.4330622,-99.1867137
Centro de Salud T-III Dr. Gabriel Garzón Cossa,clinic,19.4565507,-99.1098351
Unnamed,dentist,19.5454401,-99.1372483
Unnamed,dentist,19.5529854,-99.1339436
Médica San Luis,hospital,19.4138659,-99.1603067
Unnamed,hospital,19.4288082,-99.1336905
Unnamed,dentist,19.4685603,-99.1250160
Clinca Reina Madre,clinic,19.4996332,-99.1250428
Unnamed,dentist,19.4162910,-99.0846824
Hospital Militar de Zona Constituyentes,hospital,19.4121944,-99.1930748
Unnamed,clinic,19.5412162,-99.1944441
Unidad Médica 95,clinic,19.5336845,-99.1851882
Ortoclínica del Norte,clinic,19.4818487,-99.1059895
TORRES DENTAL,dentist,19.3936064,-99.1344828
Unnamed,clinic,19.4887052,-99.1244841
Consultorio Dental,dentist,19.5246942,-99.1420054
Dental Pro,dentist,19.5287133,-99.1446678
Doctora Muelitas,dentist,19.5282515,-99.1443426
Grupo de Especialidades Médicas Santa Inés,hospital,19.4773985,-99.1172786
Gemsi,hospital,19.4773920,-99.1172934
Unnamed,dentist,19.4591609,-99.1269949
Dental Fill Spa,dentist,19.4606381,-99.1264693
Dentalia,dentist,19.5488809,-99.2732979
Dentalia,dentist,19.5127827,-99.2659326
Dentalia,dentist,19.3620296,-99.2713720
Dentalia,dentist,19.4561830,-99.1423150
Dentalia,dentist,19.5477947,-99.2109471
Dentalia,dentist,19.3844136,-99.0828126
Dentalia,dentist,19.4062319,-99.2724663
Dentalia,dentist,19.4431431,-99.2032868
Dentalia,dentist,19.4055587,-99.1106014
Dentalia,dentist,19.3426040,-99.1463811
Dentalia,dentist,19.3149472,-99.0771301
Dentalia,dentist,19.3055467,-99.2022501
Dentalia,dentist,19.3967655,-99.1801233
Dentalia,dentist,19.3683055,-99.2595300
Dentalia,dentist,19.4819366,-99.1296333
Dentalia,dentist,19.3460163,-99.1786803
Dentalia,dentist,19.4032113,-99.1534569
Dentalia,dentist,19.3490934,-99.1892052
Dentalia,dentist,19.5104194,-99.2352587
Dentalia,dentist,19.4867363,-99.1315592
Dentalia,dentist,19.4390502,-99.0947377
Dentalia,dentist,19.3048094,-99.1665458
Dentalia,dentist,19.4601384,-99.1776502
Dentalia,dentist,19.4501390,-99.1514236
Dentalia,dentist,19.4531662,-99.2190367
Dentalia,dentist,19.2991549,-99.1364355
Dentalia,dentist,19.4956207,-99.2464865
Dentalia,dentist,19.4396902,-99.2005026
Dentalia,dentist,19.3726727,-99.1729060
Dentalia,dentist,19.4285229,-99.1614980
Dentalia,dentist,19.3658813,-99.1670662
Dentalia,dentist,19.2950082,-99.1268064
Unnamed,clinic,19.5008987,-99.1258448
Dentalhealth,dentist,19.4652112,-99.1251245
Andrea Josset Delgado Viator,dentist,19.5296270,-99.1458317
Unnamed,dentist,19.5296227,-99.1455294
Médica San Fernando,clinic,19.2927997,-99.1682710
Unnamed,clinic,19.5270777,-99.1575133
Unnamed,dentist,19.5328980,-99.1796977
Unifad Medica de Jesús,clinic,19.5385670,-99.1884678
Unnamed,dentist,19.4993061,-99.1147109
Unnamed,dentist,19.4983067,-99.1173637
Vidatox,hospital,19.4541351,-99.1403548
Unnamed,dentist,19.5286883,-99.1437726
Hospital Especialdades,clinic,19.5372431,-99.1906992
Doctor Cesar Merino,clinic,19.3849759,-99.1019411
Unnamed,dentist,19.4922872,-99.1399638
Sanatorio Montevideo,clinic,19.4915473,-99.1377727
baaktian Medicina,clinic,19.4918322,-99.1372481
Centro de Salud T.I Copilco el Alto,hospital,19.3326700,-99.1775931
DIF Teyahualco,hospital,19.6578978,-99.1276629
Salud Digna,clinic,19.3599021,-99.1405613
Arte Dental,dentist,19.4820520,-99.0563475
Arte Dental,dentist,19.3583997,-99.0901378
Consultorio Dental,dentist,19.3676987,-99.1089825
Clínica de Asistencia Social José López Portillo,clinic,19.3075348,-99.0806990
Saluddenttal Coacalco,dentist,19.6209458,-99.0864058
Unnamed,dentist,19.3705215,-99.1728406
CREPID,clinic,19.3430356,-99.1528245
Consultorio Dental Dra. Muro,dentist,19.3772606,-99.1861103
Clínica Integral Ajusco,dentist,19.2228721,-99.2040761
Clinica materno infantil Briseño,clinic,19.6258662,-99.3229781
Healthy me by pam,hospital,19.3836110,-99.2511293
Masaje Holistico,clinic,19.6250707,-99.2990477
Unnamed,dentist,19.4147930,-99.3261116
Consultorio dental Endoden,dentist,19.3180013,-99.2458628
Consultorio dental Sonrisa blanca,dentist,19.2736978,-99.2365037
Unnamed,dentist,19.2986093,-99.2206846
Unnamed,dentist,19.4659780,-99.2605294
Unnamed,dentist,19.6065244,-99.2925049
Consultorio Medico Familiar Mexfam,clinic,19.2694577,-99.2155257
Consultorio Medico,clinic,19.3249004,-99.2466635
Consultorio Dental Itzi,dentist,19.6005978,-99.3000448
Unnamed,clinic,19.4490216,-99.2767853
Consultorio Dental,dentist,19.3162438,-99.2461056
Unnamed,clinic,19.3970662,-99.3119197
Consultorio Dental Estudio Dental K,dentist,19.2898686,-99.2235136
Interdental Solutions,dentist,19.4016221,-99.2715960
Centro De Salud Pedregal De San Nicolas Sur,clinic,19.2834132,-99.2377317
Consultorio Medico,clinic,19.6214147,-99.3144804
Dentista,dentist,19.3535675,-99.3003130
Instituto De Salud Municipal,clinic,19.4373455,-99.2844228
Unnamed,clinic,19.6169504,-99.3301204
Consultorio Medico,clinic,19.2935195,-99.2215446
Creando Sonrisas,dentist,19.6170876,-99.2991139
Unnamed,dentist,19.3527205,-99.3010606
Dentalmend,dentist,19.3738021,-99.3423869
Sq Avanzada,clinic,19.3573515,-99.2828064
Denta-lux Servicio dental y óptico,clinic,19.3604448,-99.3496008
Consultorio Odontologico Profesional,dentist,19.6178706,-99.2983922
Grupo Laser Vision De Mexico,clinic,19.3083228,-99.2234365
Contadero dental,dentist,19.3503021,-99.3020336
Dental Clinic,dentist,19.2944489,-99.2220588
Consultorio médico,clinic,19.4630939,-99.2622216
Unnamed,dentist,19.5076142,-99.2772575
Worbic,clinic,19.4016391,-99.2736955
Consultorio médico,clinic,19.3765390,-99.3457769
Consultorio De Jesus,clinic,19.4494178,-99.2582842
Consultorio médico,clinic,19.3630968,-99.3474193
Camas De Masaje,clinic,19.3011469,-99.2482848
Odontología Familiar,dentist,19.2936332,-99.2201714
Unnamed,clinic,19.2818052,-99.2294392
Consultorio Médico,clinic,19.2990692,-99.2243158
Consultorio Dental Alfa Y Omega,dentist,19.4306427,-99.2643734
Consultorio Podologico,clinic,19.4422706,-99.3446992
Unnamed,dentist,19.2908453,-99.2381305
Consultorio Medico,clinic,19.3667096,-99.2876791
Dental Health,dentist,19.3573522,-99.3005268
Consultorio Medico El Rosal,clinic,19.3081700,-99.2502158
Odontopediatria Y Ortodoncia,dentist,19.6261272,-99.3165688
Consultorio Medico,clinic,19.2915558,-99.2236832
Consultorio Dental,dentist,19.4490179,-99.2768330
Consultorio De Psicologia,clinic,19.3155192,-99.2584081
Grupo Dental Bosques,dentist,19.3957725,-99.2616668
Dentista,dentist,19.3604291,-99.2353663
Consultorio Dental Benjamin Benitez,dentist,19.4563752,-99.2855189
Baby And Mom Gym,clinic,19.3380937,-99.2401927
Clinica De La Mujer,clinic,19.3567940,-99.2847712
Unnamed,dentist,19.3674286,-99.2464571
Odontologia Integral,dentist,19.2837968,-99.2191901
Consultorio Dental,dentist,19.3851118,-99.3028440
Unnamed,dentist,19.3543716,-99.3189260
Centro De Atencion Al Paciente Diabetico,clinic,19.6245435,-99.3135976
Consultorio dental,dentist,19.2886622,-99.2227878
Acercate,clinic,19.4139408,-99.2695118
Consultorio Nuestra señora de la luz,clinic,19.3626168,-99.3479843
Consultorio dental,dentist,19.3953127,-99.2895524
Consultorio dental,dentist,19.3327719,-99.2746501
Dental Associates,dentist,19.3908773,-99.2911386
Consultorio Dental Roy,dentist,19.6265817,-99.3065771
Consultorio Dental,dentist,19.4441591,-99.2836024
Consultorio El Fresno,clinic,19.3985437,-99.3156604
Consultorio Médico,clinic,19.3258561,-99.2450841
Consultorio Medico,clinic,19.3078206,-99.2473030
Consultori Dental,dentist,19.3518990,-99.3013038
Consultorio Medico,clinic,19.3625350,-99.2482537
Consultorio Dental Odontologia Integral,dentist,19.4471363,-99.2867182
Consultorio Medico Sin Nombre,clinic,19.2763349,-99.2373481
Consultorio Dental,dentist,19.3406632,-99.2797337
Dentista,dentist,19.4244265,-99.2739737
Consultorio Dental,dentist,19.2174012,-99.2064543
Consultorio Pediatrico,clinic,19.3674338,-99.2362559
Consultorio médico y tanatología La Concordia,clinic,19.5190875,-99.2722075
Consultorio médico general,clinic,19.6203392,-99.3010850
Consultorio médico,clinic,19.4439555,-99.2828022
Clínica dental Santa Fe Sc Expertos dentales,dentist,19.3648985,-99.2641313
Clínica dental Quali Dent,dentist,19.2871052,-99.2182012
Consultorio médico,clinic,19.3277596,-99.2826761
Secretaria de jurisdiccion sanitaria Ao,clinic,19.3676878,-99.2363669
Consultorio dental,dentist,19.2753899,-99.2412494
Optica Y Servicio Dental Vision Dental,dentist,19.3629301,-99.2487065
Unnamed,dentist,19.3722729,-99.2870173
Consultorio Imagen Dental,dentist,19.2878056,-99.2299828
Consultorio Dental,dentist,19.2996635,-99.2236581
Consultorio Dental Care Center,dentist,19.3057921,-99.2472428
Consultorio Dental,dentist,19.2975250,-99.2466344
Dental Oyamel,dentist,19.3067844,-99.2656039
Atletica For Life,clinic,19.3890953,-99.2600410
Clinica Del Pie,clinic,19.3890284,-99.2594718
Clinica Médica Bosques,clinic,19.3895336,-99.2595116
Apyre Apyo Terapeutico Y Rehablitacion,clinic,19.3470642,-99.2938265
Maternidad Santisima Trinidad,clinic,19.4463290,-99.2693097
Dentista,dentist,19.3556452,-99.2396004
Dental Sin Nombre,dentist,19.3313419,-99.2687142
Pediatra,clinic,19.3056880,-99.2373765
Consultorio Dental,dentist,19.2920911,-99.2225450
Carrydent,dentist,19.3718654,-99.2464935
Providencia,dentist,19.3793416,-99.2459946
Unnamed,clinic,19.6254870,-99.3167971
Unnamed,clinic,19.2902827,-99.2178820
Consultorio dental,dentist,19.6120968,-99.2999379
Unnamed,dentist,19.3578844,-99.2946629
Consultorio Medico De La Farmacia,clinic,19.3694996,-99.2949633
Consultorio Dental,dentist,19.3640163,-99.2873169
Consultorio Dental Del Cdc Jalalpa,dentist,19.3714303,-99.2396542
Consultorio Dental,dentist,19.3287906,-99.2682917
Consultorio Dental,dentist,19.6185153,-99.3002626
Unnamed,dentist,19.2929550,-99.2334147
Centro De Salud Nicolasromero,clinic,19.6207651,-99.3066637
Podologia,clinic,19.3396635,-99.2811124
Consultorio Médico,clinic,19.3009675,-99.2251195
Lice Out Clinic,clinic,19.3957605,-99.2896740
Consultorio Dental Integral,dentist,19.3091968,-99.2296515
Consultorio Farmacia Simon,clinic,19.4753613,-99.3451924
Consultorio Medico,clinic,19.3156946,-99.2256577
Consultorio Dental,dentist,19.2898791,-99.2293511
Spa Amor A Ti,clinic,19.2974611,-99.2437667
Bocalam 1er Centro De Terapia Asistida Con Animales Perros De Asistencia En Mexico,clinic,19.2277639,-99.2135341
Consultorio Medico,clinic,19.3232547,-99.2637851
Centro De Salud Ti Lomas Del Chamizal,clinic,19.3904941,-99.2637922
Dentista,dentist,19.3604233,-99.2354196
Hebridik Dental,dentist,19.2734537,-99.2261255
Consultorio dental,dentist,19.2932402,-99.2252187
Consultorio médico,clinic,19.6200213,-99.3127787
Consultorio Medico,clinic,19.2887499,-99.2290794
Unnamed,clinic,19.3873961,-99.2841150
Odontologia Integral,dentist,19.2729305,-99.2288305
Consultorio dental,dentist,19.2729931,-99.2276408
Salud Dental,dentist,19.4629228,-99.2802259
Unnamed,dentist,19.3139587,-99.2285852
Consultorio De Podologia,clinic,19.3172508,-99.2477814
Centro Holistico,clinic,19.4485385,-99.2564541
Consultorio dental,dentist,19.3124967,-99.2484386
Consultorio Dental Care Center Mexico,dentist,19.4305516,-99.2690746
Servicio Medico Sin Nombre,clinic,19.3679232,-99.2442098
Consultorio de psicología,clinic,19.2813903,-99.2326020
Consultorio dental,dentist,19.3197993,-99.2443867
Dentista Centro De Desarrollo Comunitario,dentist,19.3610529,-99.2434542
Grupo Dental Alebrije,dentist,19.3046641,-99.2511948
Consultorio Dental,dentist,19.3295044,-99.2478503
Consultorio Dental,dentist,19.3728574,-99.3427147
Consultorio Genericos Y Similares,clinic,19.3289880,-99.2533998
Unnamed,dentist,19.3164866,-99.2564066
Medico Nancy,clinic,19.3801851,-99.2463912
Unnamed,dentist,19.4873710,-99.2715849
Unnamed,clinic,19.4414563,-99.3495218
Centro De Estimulacion Ipm,clinic,19.3884124,-99.2502670
Clinica San Martin De Porres,clinic,19.4499369,-99.2608773
Consultorio Delntal Interlomas,dentist,19.4017918,-99.2752866
Consultorios De Medicina Especializada Del Sector Privado,clinic,19.3763442,-99.3419985
Consultorio Dental,dentist,19.3564878,-99.2365126
Centro Infantil Magdalena,hospital,19.4128493,-99.3228814
Unnamed,dentist,19.3725659,-99.2377643
Centro De Salud Memetla,clinic,19.3609378,-99.2859901
Consultorio Dental,dentist,19.4600726,-99.2857808
Centro De Salud Bosques Del Pedregal,clinic,19.2737670,-99.2369619
Consultorio Optico Huixquilucan,clinic,19.3620429,-99.3490949
Farmacia Similar,clinic,19.4465976,-99.2683657
La Clinica Dental Santa Fe,dentist,19.3587127,-99.2812988
Consultorio Dental,dentist,19.2959002,-99.2331542
Centro De Salud San Francisco Chimalpa,clinic,19.4415468,-99.3388738
Centro De Salud El Trafico Nuevo,clinic,19.6184521,-99.3272558
Consultorio médico,clinic,19.3719870,-99.2381738
Farmacia Homeopatica,clinic,19.3532208,-99.3007244
Consultorio Dental Sin Nombre,dentist,19.3075185,-99.2698015
Consultorio Dental,dentist,19.3069996,-99.2322801
Federal Mexico-toluca (prolongacion Paseo De La Reforma),clinic,19.3520101,-99.3012630
Consultorio Medico,clinic,19.6301231,-99.3177916
Consultorio dental estética,dentist,19.4479440,-99.2626382
Consultorio médico dental,dentist,19.2912807,-99.2254977
"Consultorio ""Estudio dental""",dentist,19.4182589,-99.2685695
Consultorio dental,dentist,19.3567341,-99.3002437
Dentista Franco,dentist,19.3560466,-99.2401327
Consultorio Dental Armenta,dentist,19.4412455,-99.2631845
Ki.ichpam Terapias Alternativas,clinic,19.3519041,-99.2866399
Consultorio Dental,dentist,19.3647272,-99.2871957
Unnamed,dentist,19.2846967,-99.2405789
Unnamed,clinic,19.6233499,-99.3187653
Unnamed,dentist,19.3238120,-99.2446370
Unnamed,dentist,19.2827498,-99.2272992
Unnamed,dentist,19.4220272,-99.3288879
Consultorio Medico Shadai,clinic,19.3741732,-99.2819385
Consultorio Dental,dentist,19.3953228,-99.2895667
Centro Para El Estudio Del Sistema Urinario Umd,clinic,19.3574089,-99.2827592
Consultorio Dental Sin Nombre,dentist,19.3310432,-99.2452995
Clinica De Especialidades Dentales,dentist,19.4443416,-99.2790149
Consultorio Pediatrico Sin Nombre,clinic,19.2819300,-99.2285875
Clínica San Antonio,clinic,19.3417558,-99.2803445
Consultorio Dental,dentist,19.4907511,-99.2733344
Consultorio Dentales Del Sector Privado Sin Nombre,dentist,19.2700046,-99.2368279
Unnamed,dentist,19.3056681,-99.2501517
Dental Aesthetics,dentist,19.4228442,-99.2597030
Icd Fisioterapia,clinic,19.3144861,-99.2575570
Unnamed,clinic,19.3858047,-99.3047534
Unnamed,dentist,19.4588461,-99.2832635
Consultorio Médico Sin Nombre,clinic,19.2830079,-99.2277904
Terma,clinic,19.3772728,-99.2523303
Consultorio Dental Garden,dentist,19.4183390,-99.2683156
Consultorio Sonrident,dentist,19.3587830,-99.2996626
Consultorio Dental,dentist,19.3002913,-99.2237587
Consultorio Dental Cosumel,dentist,19.2719263,-99.2238151
Consultorio Dental,dentist,19.4115048,-99.2771596
Clinica Dental Muelitas,dentist,19.2703089,-99.2408323
Dentalia Pabellon Bosques,dentist,19.3826857,-99.2674549
Consultorio Dental,dentist,19.2938714,-99.2214731
Consultorio Dental,dentist,19.3123752,-99.2267585
Consultoriodental,dentist,19.3017342,-99.2214091
Consultorio Dental,dentist,19.3256986,-99.2502604
Unnamed,dentist,19.4298662,-99.2721219
Unnamed,clinic,19.3714250,-99.2885478
Terapia Y Rehabiliutacion,clinic,19.2683646,-99.2367523
Consultorio Medico Nuestra Señora De Fatima,clinic,19.6254858,-99.3183342
Consultorio Dental La Luz,dentist,19.6259946,-99.3164712
Dif Centro De Atencion Psicologica Colinas,clinic,19.4899408,-99.2756550
Consultorio Dental,dentist,19.2925423,-99.2426047
Podologia Integral,clinic,19.3590933,-99.2994139
Dentista,dentist,19.3770647,-99.2860130
Clinica Dental Interlomas,dentist,19.3953304,-99.2895752
Odontologia Integral,dentist,19.3821529,-99.2415586
Centro De Salud T1 Primero De Mayo,clinic,19.3028171,-99.2379124
Ortopedia Mexicana De Ortesis Y Protesis,clinic,19.3673451,-99.2898396
Toriz,dentist,19.2928326,-99.2335762
Consultorio dental,dentist,19.3238584,-99.2473210
Consultorio médico,clinic,19.4552355,-99.2696325
Consultorio dental familiar,dentist,19.6264027,-99.3117826
Consultorio dental,dentist,19.3841331,-99.2839493
Unnamed,dentist,19.2746349,-99.2402263
Consultorio dental,dentist,19.6186094,-99.3098755
Unnamed,clinic,19.4660419,-99.2673541
Campos,dentist,19.4634297,-99.2699648
Unnamed,dentist,19.3166989,-99.2551742
Consultorio Morelos,clinic,19.3051461,-99.2351521
Centro De Salud Tii . Eduardo Jenner,clinic,19.3817817,-99.2428829
Centro de salud T-1 Héroes de Padierna,clinic,19.3151681,-99.2262281
Despacho médico,clinic,19.3175685,-99.2286672
Consultorio de medicina especializada,clinic,19.3578830,-99.2829587
Laboratorio dental,dentist,19.2736615,-99.2369489
Consultorio dental,dentist,19.2174458,-99.2116450
Consultorio dental,dentist,19.3816526,-99.2851894
Cedisen,clinic,19.4011164,-99.2704336
Dentista,dentist,19.3261752,-99.2819269
Consultorio médico Doctor Briseño,clinic,19.6255951,-99.3086033
Consultorio Dental,dentist,19.4179172,-99.2480742
Consultorio dental,dentist,19.4463287,-99.2692767
Consultorio dental,dentist,19.3228628,-99.2910464
Unnamed,clinic,19.2892838,-99.2375304
Consultorio Dental San Judas Tadeo,dentist,19.6034788,-99.2950605
Desarrollo Integral La Familia,clinic,19.3968866,-99.3103134
Unnamed,dentist,19.6110381,-99.2980627
Unnamed,dentist,19.6126251,-99.2950281
Centro De Medicina Humana,dentist,19.2918248,-99.2392959
Consultorio Dental,dentist,19.3268604,-99.2454020
Unnamed,clinic,19.4122787,-99.2763610
Consultorio Dental Pediatrico,dentist,19.3552591,-99.2981882
"""Morales""",dentist,19.3689575,-99.2928417
Ortho Kids,dentist,19.6254426,-99.3031479
Unnamed,clinic,19.3752283,-99.2833896
Consultorio Dental Biodent,dentist,19.2684930,-99.2418958
Unnamed,dentist,19.3542912,-99.3053837
Unnamed,dentist,19.4480825,-99.2833911
Unnamed,clinic,19.4062267,-99.3272679
Unnamed,clinic,19.2783066,-99.2332806
Clinica Dental Loa,dentist,19.2896981,-99.2391291
Unnamed,dentist,19.2863350,-99.2232317
Sonrident,dentist,19.4293276,-99.2501155
Unnamed,dentist,19.6183172,-99.3278857
Consultorio dental,dentist,19.3081657,-99.2511548
Centro Odontologico Rojas,dentist,19.3741236,-99.2919823
Clinica Santa Polonia,dentist,19.4078525,-99.2779349
Consultorio dental,dentist,19.4443146,-99.2732812
Dental Lomas Center,dentist,19.3950166,-99.2598210
Dentista,dentist,19.3409720,-99.2814289
Servicios Integrados Tecnologicos De La Salud Morger,clinic,19.4015945,-99.2715074
Centro De Estimulacion Baby Boo,clinic,19.3273449,-99.2720667
Unnamed,dentist,19.4341268,-99.2593911
Consultorio Dental,dentist,19.3166064,-99.2432398
Consultorio Dental,dentist,19.4481688,-99.2805278
Consultorio Dental,dentist,19.3266533,-99.2704692
Medico General,clinic,19.3546388,-99.3000743
Consultorio Medico Santiago,clinic,19.3280825,-99.3277353
Ortopoint,dentist,19.3653410,-99.2872792
Consultorio dental,dentist,19.3761148,-99.3417813
Consultorio dental Santa Apolonia,dentist,19.2764672,-99.2211597
Anahd,clinic,19.3884791,-99.2628539
Consultorio Medico El Divino Redentor,clinic,19.4472497,-99.2643066
Consultorio Dental,dentist,19.3231018,-99.2394668
Consultorio Medico Sin Nombre,clinic,19.3081415,-99.2644966
Centro De Salud San Cristobal Texcalucan,clinic,19.4043540,-99.3333284
Consultorio Dental,dentist,19.3296850,-99.2497293
Consultorio Dental Sin Nombre,dentist,19.3539693,-99.3186950
Consultorio Odontoynova,dentist,19.3120533,-99.2460409
Consultorio Dental Dif,dentist,19.4353530,-99.2579679
Consultorio Dental,dentist,19.3323686,-99.2718983
Consultorio Dental,dentist,19.3539233,-99.3173742
Consultorio Dental,dentist,19.3212520,-99.2419012
Centro Dental Corona,dentist,19.3473256,-99.3008475
Capotal Dental,dentist,19.3616181,-99.2889122
Kristal Dent,dentist,19.4190601,-99.2667288
Consultorio dental Dif,dentist,19.4542550,-99.2791043
Consultorio dental,dentist,19.2178401,-99.2103164
Consultorio Médico,clinic,19.4456619,-99.2797844
Consultorio Dental Dra. Mariela,dentist,19.3757628,-99.2863408
Consultorio,clinic,19.2834157,-99.2319958
"Dispensario médico dental ""Parroquia de nuestra señora de los dolores""",dentist,19.6057793,-99.2927344
Consultorio de tanatologia,clinic,19.6269273,-99.3197916
Consultorio dental,dentist,19.3655108,-99.2893423
Consultorio médico general,clinic,19.6218029,-99.3016197
Consultorio médico Barrón,clinic,19.6119494,-99.3032952
Consultorio Dental Vista Hermosa,dentist,19.6283582,-99.3015777
Servicio Medico Integral Healt And Life,clinic,19.3553588,-99.2963939
Consultorio Medico,clinic,19.3154762,-99.2489199
Unnamed,dentist,19.2974245,-99.2437953
Consultorio Dental,dentist,19.4357002,-99.2743611
Consultorio Dental,dentist,19.3040844,-99.2488599
Farmacia Homeopatica Oliers,clinic,19.6205532,-99.3140204
Consultorio Dental Maria Luisa,dentist,19.3444484,-99.2764350
Unnamed,clinic,19.6297341,-99.3195753
Centro Psicoterapeutico,clinic,19.3551339,-99.2970273
Odontologia Integral,dentist,19.4538917,-99.2717984
Casa Medicinal Tradicinal Yaocihuatl,clinic,19.3326632,-99.2850698
Unnamed,dentist,19.3612858,-99.3482575
Consultorio Dental,dentist,19.2956306,-99.2235219
Especialidades Medicas Estrada,clinic,19.3182232,-99.2468914
Consultorio Dental,dentist,19.2954919,-99.2203672
Unnamed,clinic,19.4423080,-99.2829158
Consultorio Terapeutico,clinic,19.4460058,-99.2699887
Clinica Periferica De Odontologia Las Aguilas,dentist,19.3475513,-99.2331510
Consultorio Medico Centro Koriyama,clinic,19.6186754,-99.3302150
Consultorio Dental Odontologia Integral,dentist,19.6236952,-99.3192228
Consultorio Medico,clinic,19.3296841,-99.2739084
Unnamed,dentist,19.4453118,-99.2702483
Arc Dental,dentist,19.3557488,-99.2554524
Especialidades Odontologicas Ohe,dentist,19.3376371,-99.2382518
Consultorio Medico,clinic,19.6105259,-99.3054092
Consultorio Comunitario,clinic,19.3174256,-99.2649757
Consultorio De Psicología,clinic,19.5525925,-99.2912686
Consultorio Dental,dentist,19.3705352,-99.2882457
C0nsultorio Medico,clinic,19.3823794,-99.2408511
Unidad Medico Integral,clinic,19.4949973,-99.2753926
Unnamed,clinic,19.2713127,-99.2233358
Dif,clinic,19.5037003,-99.2777704
Consultorio Dental Odontologia Integral,dentist,19.4087504,-99.2795551
Servimed,clinic,19.2857278,-99.2186826
Consultorio De Especialidad Dental,dentist,19.2933176,-99.2227247
Dentista,dentist,19.3560582,-99.2996210
Consultorio Denta,dentist,19.4468234,-99.2775169
Consultorio Dental 27,dentist,19.3055466,-99.2499411
Consultorio Dental,dentist,19.2939711,-99.2290041
Clinica Milenium,clinic,19.4406398,-99.2678108
Terapia Psicologica,clinic,19.3006535,-99.2468928
Unnamed,clinic,19.3606486,-99.3497206
Consultorio Dental,dentist,19.4528050,-99.2641765
Consultorio Dental,dentist,19.3672421,-99.2375460
Consultorio médico familiar,clinic,19.4354300,-99.2648412
Unnamed,clinic,19.4611654,-99.2792350
San MIguel,clinic,19.5946500,-99.3034987
Dispensario Médico,clinic,19.6057960,-99.2926982
Clinica De Especialidades Medico Quirurjica,clinic,19.4659788,-99.2678491
Consultorio Dental,dentist,19.3693531,-99.2951038
Consultorio Dental,dentist,19.3044460,-99.2506385
Consultorio Farmacia,clinic,19.4422151,-99.2780694
Consultorio Dental,dentist,19.5981757,-99.3022040
Consultorio Psicologico Huertas,clinic,19.4627565,-99.2809877
Consultorio Medico,clinic,19.2211740,-99.2109028
Consultorio Medico,clinic,19.3824225,-99.2843968
Unidad De Diagnostico Y Especialidades Medicas,clinic,19.3573817,-99.3005785
Consultorio Dental,dentist,19.2945454,-99.2266354
Terapia Psicologica,clinic,19.2813201,-99.2311396
Pediatria Integral Ajusco,clinic,19.2841504,-99.2180247
Psicologia Salud Integral,clinic,19.4665558,-99.2617925
Unnamed,dentist,19.3137713,-99.2563441
Unidad De Medicina Familiar Isste,clinic,19.6170363,-99.3105564
Clinica Dental Familiar San Pedro,dentist,19.6244177,-99.3171164
Consultorio Dental Jm,dentist,19.3048713,-99.2464113
Terapeutica Jazmiin Y Fredy,clinic,19.3142264,-99.2494959
Unnamed,dentist,19.3048550,-99.2689580
Centro De Salud San Mateo,clinic,19.4946806,-99.2792577
Consultorio Popular,clinic,19.3532992,-99.2370849
Consultorio Dental,dentist,19.3588261,-99.2985615
Centro De Salud Gerardo Varela Marisca,clinic,19.2209050,-99.2042440
Consultorio Medico,clinic,19.3257558,-99.2485729
Consultorio Dental,dentist,19.6118103,-99.3031787
Unnamed,dentist,19.4030548,-99.3309213
Consultorio Medico Pediatrico,clinic,19.2870365,-99.2201718
Consultorio Dental,dentist,19.3800151,-99.2852213
Consultorio Medico Rosa Torres,clinic,19.3703021,-99.2886799
Consultorio Dental,dentist,19.3088365,-99.2609853
Unnamed,dentist,19.3734766,-99.2925563
Consultorio Dentista,dentist,19.4637712,-99.2657140
Consultorio Dental,dentist,19.2888149,-99.2390622
Centro De Salud Rosa Torres,clinic,19.3689045,-99.2890543
Unnamed,clinic,19.6253685,-99.3186580
Unnamed,dentist,19.3160621,-99.2544183
Neuro Sens Kids,clinic,19.3953360,-99.2895398
Centro Holistico Leo,clinic,19.3213912,-99.2628899
Premium Dental Care,dentist,19.4016092,-99.2715733
Consultorio Dental Barrueta,dentist,19.3745416,-99.2849826
Unnamed,clinic,19.3797145,-99.2858921
Unnamed,dentist,19.2969472,-99.2255129
Unnamed,clinic,19.6187796,-99.3076555
Optica Mexico,clinic,19.4084150,-99.2773868
Dentalia,dentist,19.3626269,-99.2743508
Consultorio Dental,dentist,19.3289692,-99.2542753
Consultorio Dental,dentist,19.3265058,-99.2568676
Consultorio General De Farmacias Genericos Y Similares,clinic,19.3286307,-99.2553814
Podologa,clinic,19.4414355,-99.2549944
Dentsta Hernandez,dentist,19.3661159,-99.2929644
Dentista Cortes,dentist,19.2793927,-99.2393544
Integracion Dental,dentist,19.2968915,-99.2236273
Consultorio Dental Sol,dentist,19.4866931,-99.2703125
Jurisdicción Sanitaria Magdalena Contreras,clinic,19.3099303,-99.2583281
Fisioterapia,clinic,19.4197126,-99.3250725
Skanda Psicologia,clinic,19.4569038,-99.2741145
Unnamed,dentist,19.2973244,-99.2435360
Clinica Nuestra Señora De La Merced,clinic,19.3669945,-99.2881612
Unnamed,dentist,19.4617822,-99.2582573
Consultorio Medico,clinic,19.3431627,-99.2801462
Consultorio Medico,clinic,19.4372274,-99.2678578
Consultorio El Triunfo,clinic,19.2772910,-99.2283872
Unnamed,dentist,19.3615515,-99.2504092
Consultorio Dental La Era,dentist,19.5914026,-99.2938274
Farmacias Mexico,clinic,19.3200862,-99.2453358
Consultorio Dental Julio Cesar,dentist,19.6195453,-99.3118407
Consultorio Dental,dentist,19.3753371,-99.2886508
Unnamed,clinic,19.6273846,-99.3185171
Consultorio Dental,dentist,19.3077930,-99.2648501
Consultorio Dental,dentist,19.6139741,-99.3362819
Consultorio Dental,dentist,19.3830828,-99.3049076
Consultorio Dental,dentist,19.2804254,-99.2331140
Consultorio Medico -farmacia Op,clinic,19.3109909,-99.2450828
Acupuntura Agnor,clinic,19.4470557,-99.2778015
Consultorio Podologico Terapie,clinic,19.6253938,-99.3135175
Dental Familiar Angeles,dentist,19.4446919,-99.2909129
Consultorio Dental Integral,dentist,19.4142738,-99.2698216
Unnamed,dentist,19.3102403,-99.2276838
Consultorio Dental Sin Nombre,dentist,19.3766377,-99.2942083
Unidad Medica Familiar Dif Nicolas Romero,clinic,19.6264372,-99.3201419
Consultorio Dental,dentist,19.4549065,-99.2640147
Acupuntura Doctor Ricardo,clinic,19.3602280,-99.2837021
Consultorio Medico,clinic,19.2795193,-99.2363557
Terapias Psicologicas,clinic,19.2862785,-99.2232491
Consultorio Dental,dentist,19.4474658,-99.2835250
Dentista,dentist,19.4400602,-99.2533475
Consultorio Dental,dentist,19.3472433,-99.3004793
Consultorio dental,dentist,19.4442952,-99.2833243
Consultorio Dental,dentist,19.2921322,-99.2428011
Unnamed,dentist,19.4498325,-99.2593610
Clinica Dental Healty Mouth,dentist,19.2735882,-99.2260475
Clinica Medicos Especialistas,clinic,19.3822224,-99.2844595
Consultorio Dental,dentist,19.4366684,-99.2730483
Podologia Integral,clinic,19.3328560,-99.2752209
Dentista,dentist,19.3286168,-99.2553212
Consultorio Dental,dentist,19.3732774,-99.2851621
Consultorio Dental,dentist,19.2959711,-99.2233939
Consultorío Dental,dentist,19.3298764,-99.2722705
Dents Dentista,dentist,19.3768711,-99.2863977
Dentista,dentist,19.3574545,-99.2384639
Centro De Atencion Dental Medico Y Especialidades,dentist,19.2846012,-99.2295107
Farmacia La Garan Familia,clinic,19.4199504,-99.3259308
Consultorio Dentista,dentist,19.3281351,-99.2812559
Tienda Naturista,clinic,19.4875794,-99.2722337
Masajes Siin Nombre,clinic,19.2946790,-99.2251387
Consultorio Dental,dentist,19.3464195,-99.3123740
Consultorio Homeopatico,clinic,19.6271708,-99.3210678
Clinica Dental,dentist,19.6079603,-99.3069171
Consultorio Dermatologico,clinic,19.3194878,-99.2275985
Consultorio Dental,dentist,19.6200393,-99.2973717
Consultorio Dental,dentist,19.6235032,-99.3186033
Temazcalito Ajusco,clinic,19.2756052,-99.2248823
Unnamed,clinic,19.3600723,-99.3494004
Consultorio Dental,dentist,19.2773830,-99.2415922
Consultorio Médico,clinic,19.4448776,-99.2745900
Consultorio Medico De La Farmacia Similar,clinic,19.4459513,-99.2697794
Consultorio Dental,dentist,19.6043566,-99.2959552
Odontologia Integral,dentist,19.3536576,-99.3099907
Odontología Integral,dentist,19.3230223,-99.2434864
Centro De Salud T-1 Tierra Colorada,clinic,19.2714798,-99.2466192
Unnamed,dentist,19.6191105,-99.3124594
Centro de salud Jardines de la palma T1,clinic,19.3709343,-99.2801593
Consultorio Dental,dentist,19.3048707,-99.2533462
Consultorio Dental,dentist,19.3871811,-99.2832394
Médico general,clinic,19.3629002,-99.2483939
Centro De Salud TIII Dr. Ángel De La Garza Brito,clinic,19.3055921,-99.2503904
Centro De Salud Lomas De Padierna,clinic,19.2912208,-99.2230029
Consultorio Dental Shivaya,dentist,19.6021480,-99.2985127
pedicure,clinic,19.3617691,-99.3485619
Consultorio Dental,dentist,19.6199511,-99.3123858
Bifam Bienestar E Integracion Familiar Iap,clinic,19.3073473,-99.2349467
Podologo,clinic,19.4645590,-99.2719516
Vj Clinica Dental Familiar,dentist,19.6210803,-99.3139926
Consultorio dental Nami,dentist,19.4327590,-99.2685445
Médico Homeópata,clinic,19.2902740,-99.2249604
Natura Dent,dentist,19.4200932,-99.2804093
Consultorio Médico California,clinic,19.3856971,-99.3048231
Podología Del Bosque,clinic,19.3698792,-99.2936839
Dif Cdc,dentist,19.4153524,-99.2777522
Consultorio médico,clinic,19.2913567,-99.2255120
Consultorio Dental Orthodens,dentist,19.6254163,-99.3030691
Dental Natura,dentist,19.6199771,-99.2991565
Vista Diagnostica,hospital,19.3591631,-99.2746158
Dentista,dentist,19.2963506,-99.2286073
Unnamed,dentist,19.2883628,-99.2332258
Terapia Spa,clinic,19.2748570,-99.2243877
Unnamed,dentist,19.3197356,-99.2632100
Consultorio dental,dentist,19.4457225,-99.2560257
Unnamed,dentist,19.6095159,-99.3254238
Perfect Smile,dentist,19.3291315,-99.2568375
Consultorio Dental,dentist,19.3014115,-99.2475674
Unnamed,dentist,19.3537966,-99.2994012
Unnamed,dentist,19.3534409,-99.2860396
Dr Gil Munsom,clinic,19.3578712,-99.2829444
Clínica Dental Adenta,dentist,19.4082758,-99.2745169
Odontologia infantil y ortodoncia,dentist,19.4074604,-99.2711838
Consultorio Médico Sin Nombre,clinic,19.2821346,-99.2285331
Ar Centro De Rehabilitacion Ortepedia Y Deporte,clinic,19.3590133,-99.2834046
Unnamed,clinic,19.3141691,-99.2570324
Unnamed,dentist,19.3812745,-99.2412488
Unnamed,dentist,19.4395360,-99.2627732
Unnamed,dentist,19.3186819,-99.2562009
Masajes Y Terapias Oasis,clinic,19.2820078,-99.2273266
Consultorio Farmacia Gi,clinic,19.3524887,-99.3183574
Pisicoterapia,clinic,19.6254479,-99.3187674
Consultorio Medico,clinic,19.6191580,-99.3117963
Consultorio Dental Sin Nombre,dentist,19.3165172,-99.2517127
Consultorio Dental,dentist,19.6268667,-99.3401559
Centro de Salud Oasis,clinic,19.3097764,-99.2584075
Consultorio Dental,dentist,19.4936690,-99.2761084
Clinica de unidad médica integral,clinic,19.4415544,-99.2663182
Consultorio médico,clinic,19.2704375,-99.2209353
Casa De Salud,clinic,19.2691555,-99.2426901
Clinica primer contacto vista hermosa,clinic,19.3136063,-99.2527105
Odontologia Integral,dentist,19.4112331,-99.3247187
Consultorio Dental Leonardo,dentist,19.6252852,-99.3178721
Sanatorio Y Maternidad Santa Monica,hospital,19.6264069,-99.3162332
Clinica Dif,clinic,19.4465369,-99.2882256
Consultorios Dentales Del Sector Privado,dentist,19.3729283,-99.2651211
Unnamed,dentist,19.6247690,-99.3176065
Consultorio Dental Marina,dentist,19.4618579,-99.2784798
Clinica Medica Maternidad Dr. Adrian,hospital,19.4185444,-99.2713569
Clínica Médico Quirúrgica,clinic,19.4466235,-99.2800368
Terapias Alternativas Salud Visible,clinic,19.2828362,-99.2320754
Dentista,dentist,19.2841339,-99.2332985
Consultorio Medico,clinic,19.3617075,-99.3459101
Consultoria Farmacias Genericos Del Angel,clinic,19.4881033,-99.2730665
Consultorio De Otorrinolaringologia,clinic,19.3100323,-99.2296810
Consultorio,clinic,19.4489828,-99.2643546
Consultorio Dental Sin Nombre,dentist,19.3792856,-99.2856467
Atencion Psicologica,clinic,19.3857832,-99.2503461
Consultorio Dental Villegas,dentist,19.2919385,-99.2242160
Unnamed,dentist,19.2724565,-99.2377722
Clinica Imss,hospital,19.3042120,-99.2485826
Balan-c,clinic,19.4011884,-99.2704954
Centro Especializado De Atencion Primaria A La Salud Palo Solo,hospital,19.4144681,-99.2719779
Unnamed,clinic,19.4351972,-99.2649258
Consultorio Podologico,clinic,19.4606771,-99.2596209
Unnamed,dentist,19.6266353,-99.3135784
Unnamed,dentist,19.6176810,-99.2980913
Centro De Salud Jurisdiccion Sanitaria De Cuajimalpa,clinic,19.3567186,-99.2972609
Dental M,dentist,19.3750335,-99.2836492
Consultorio Dental Vazquez,dentist,19.3687414,-99.2904709
Consultorio Medico Dental,dentist,19.4610711,-99.2576919
Unnamed,clinic,19.6093479,-99.2921044
Clinica Del Carmen,hospital,19.3567934,-99.3002705
Unnamed,dentist,19.3643785,-99.2367591
Atencion Dental Y Ortodoncia Para Niños,dentist,19.3091796,-99.2410276
Clinica De Especialidades Dental Olier,dentist,19.6250194,-99.3154970
Ortosonrisas,dentist,19.4236225,-99.2748852
Dental Ali,dentist,19.3768005,-99.2977383
Consultorio médico,clinic,19.2838106,-99.2329828
Clínicas De Consultorios Médicos Del Sector Privado,clinic,19.4307902,-99.2823850
Unnamed,dentist,19.4370977,-99.2666472
Unnamed,clinic,19.3607908,-99.3493652
Centro Holistico Magigian,clinic,19.4270615,-99.2704136
Consultorio dental,dentist,19.4409397,-99.3469231
Consultorio Dental Sin Nombre,dentist,19.3154237,-99.2685945
Centro De Salud Rural Disperso,clinic,19.3858879,-99.3017959
Consultorio Dental Sin Nombre,dentist,19.3021947,-99.2451817
Consultorio Medico,clinic,19.3620480,-99.2486357
Dentista,dentist,19.2749189,-99.2183926
Dentista Ortodoncista,dentist,19.4576539,-99.2571530
Podologia Express,clinic,19.4093499,-99.3254865
Estetica Dental,dentist,19.3696413,-99.2858224
Consultorio Medico Podologo,clinic,19.3308407,-99.3262942
Consultorio Dental,dentist,19.3559668,-99.3311932
Unnamed,dentist,19.4478688,-99.2701906
Consultorio Dental Dentalix,dentist,19.6242797,-99.3173169
Clinique Total Fashion,clinic,19.3809656,-99.2454619
Consultorio Medico,clinic,19.3306702,-99.3267397
Unnamed,dentist,19.3407791,-99.2809759
Consultorio Medico General,clinic,19.3591424,-99.3488114
Consultorio Dental Sin Nombre,dentist,19.3112598,-99.2627446
Cam Centro De Atencion Medica,clinic,19.3568168,-99.2990376
Podologos,clinic,19.4286176,-99.2518090
Unnamed,dentist,19.4424067,-99.2786931
Consultorio Médico,clinic,19.2739303,-99.2244074
Clinica San Carlos,clinic,19.6197512,-99.3052225
Podologia,clinic,19.4436299,-99.2784169
Consultorio Medico,clinic,19.3422893,-99.2817146
Suem Consultorio Medico,clinic,19.6070435,-99.2936088
Unnamed,dentist,19.6041783,-99.3020893
Unnamed,dentist,19.4645115,-99.2710485
Terapias Alternativas,clinic,19.3273165,-99.2720634
Fundación H A P Consultorio Medico De Medina Medicina Interna,clinic,19.3305707,-99.2884484
Unnamed,dentist,19.3805566,-99.2848969
Consultorio Dental Rojas,dentist,19.3708168,-99.2855963
Unnamed,dentist,19.3557934,-99.2405652
Espacio De Belleza Ara Garcia,dentist,19.3057060,-99.2345144
Centro Social De Servicios Medicos Sin Nombre,clinic,19.3063212,-99.2331974
Unnamed,dentist,19.6211797,-99.3108152
Consultorio De Atencion Psicologica Sin Nombre,clinic,19.2813797,-99.2326276
Garden Odontologia Integral,dentist,19.4603620,-99.2863373
Consultorio Medico Y Farmacia Genericos Y Similares,clinic,19.4646966,-99.2703742
Consultorio Medico Medicina Del Deporte,clinic,19.3649119,-99.2926110
Unnamed,dentist,19.4415999,-99.2550038
Dentalia,dentist,19.4064847,-99.2725615
Consultorio Periferico Corpus Christy,clinic,19.3633658,-99.2476009
Interlomas Dental,dentist,19.4015951,-99.2715476
Consultorio Dental Rojas,dentist,19.3697198,-99.2919753
Consultorio Medico Familiar Dif,clinic,19.4353297,-99.2579837
Unnamed,dentist,19.4424689,-99.2875839
Unidad De Rehabilitacion Fisica Emocional,clinic,19.4226791,-99.3299119
Consultorio Dental,dentist,19.3807889,-99.2417479
Day Tredent,dentist,19.3017402,-99.2455837
Terapista Huesero,clinic,19.6209520,-99.3188882
Consultorio Dental Castañeda,dentist,19.3567859,-99.3002770
Consultorio Dental,dentist,19.2910228,-99.2400502
Consultorios Zul,dentist,19.2244975,-99.2032265
Consultorio Medico Y Especialidades,clinic,19.3238613,-99.2488904
Unnamed,dentist,19.4454089,-99.2855166
Liceout,clinic,19.4011126,-99.2704493
Atención Psicológica Y Masaje De Columna,clinic,19.6249677,-99.3144190
Centro De Salud Ave Real,clinic,19.3616777,-99.2385230
Consultorio Medico Y Dental Minas San Martin,dentist,19.4400016,-99.2898085
Consultorio Dental Smle Dental,dentist,19.4428506,-99.2878877
Consultorio Medico,clinic,19.3542589,-99.3054479
Centro De Atencion Psicologica E Integracion Familiar,clinic,19.4395139,-99.2923212
Clinica Medica San Jose,clinic,19.6189723,-99.3109535
Consultorio Medico San Jose,clinic,19.3673031,-99.2891030
Cdelaf,clinic,19.3573119,-99.2828281
Consultorio Dental,dentist,19.3836464,-99.2510183
Consultorio De Medicina Especializada Sin Nombre,clinic,19.3581215,-99.2830280
Medicina Tradicional,clinic,19.2928968,-99.2430028
Centro De Salud T 1 Pedregal De San Nicolas Norte,clinic,19.2892917,-99.2381246
Unnamed,dentist,19.4417238,-99.3449248
Consultoriomedico,clinic,19.3965593,-99.3115936
Aurea Lab,clinic,19.4039140,-99.2694629
Medident,dentist,19.3202121,-99.2454971
Consultorio Dental,dentist,19.2904223,-99.2249507
Consultorio Homeopatico,clinic,19.3665833,-99.2880312
Co Creando,clinic,19.3590232,-99.2748611
Consultorio Medico La Piedad,clinic,19.3142099,-99.2667333
Consultorio Sin Nombre,clinic,19.3282620,-99.2844018
Clinica De Maternidad,clinic,19.4433707,-99.2832081
Consultorio Dental,dentist,19.3568141,-99.2466297
Consultorio Dental,dentist,19.5193934,-99.2718947
Consultorio Dental,dentist,19.4140109,-99.2708003
Consultorio Dental,dentist,19.3553961,-99.2925311
Consultorio Dental,dentist,19.4016030,-99.2715609
Centro De Salud La Colmena,clinic,19.6005354,-99.2928445
Unnamed,dentist,19.3196284,-99.2258395
Consultorio Dental Salinas,dentist,19.3525761,-99.3178722
Centro Odontológico,dentist,19.3729359,-99.2651340
Servicio De Podologia,clinic,19.2794858,-99.2365270
Unnamed,dentist,19.3873778,-99.2774459
Sanatorio Del Carmen,clinic,19.4379675,-99.2624278
Unnamed,clinic,19.6211989,-99.3108770
Consultorios De Medicina General Del Sector Privado,clinic,19.3583956,-99.2547304
Consultorio Dental,dentist,19.3004931,-99.2216564
Consultorio Dental,dentist,19.4403429,-99.2578253
Clinica Tierra Unida Primer Contacto,dentist,19.3029902,-99.2697381
Cirujano Dental Sin Nombre,dentist,19.3137046,-99.2484325
Centro De Salud Lomas De Cuilotepec,clinic,19.2702465,-99.2316125
Consultorio Medico,clinic,19.4335909,-99.2672723
Consultorio Medico Homeopatico,clinic,19.4646131,-99.2637140
Botiquín Médico Parroquia De Nuestra Señora De Guadalupe,clinic,19.4295432,-99.2509288
Consultorio Dental,dentist,19.6203662,-99.3138649
Consultorio Dental Unam,dentist,19.3735909,-99.3423526
Consultorio De Psicoterapia Sin Nombre,clinic,19.3210945,-99.2315489
Servicio Medico Consultorios Nirel,clinic,19.6068490,-99.2934935
Ocotea Salud Integral Y Estética,clinic,19.3813977,-99.3049461
Consultorio Eclesiástico,clinic,19.3147884,-99.2570476
Servicio Médico,hospital,19.4896396,-99.2710247
Interlomas Dental,dentist,19.4016515,-99.2737451
Consultorio Gi,clinic,19.4110746,-99.2776507
Consultorio Medico Jesus Guadalupe Lugo Cid,clinic,19.2963243,-99.2241920
Consultorio De Medicina Alternativa,clinic,19.4483911,-99.2651833
Consultorio Grupo Pediatrico,clinic,19.3218078,-99.2420638
Consultorio Dental,dentist,19.3218325,-99.2430828
Consultorio Dental Tu Sonrisa,dentist,19.4091254,-99.2777867
Consultorio Dental Sandent,dentist,19.6254552,-99.3118134
Consultorio Dental,dentist,19.3064726,-99.2474961
Centro de Salud T1 Bekal,clinic,19.2680195,-99.2273261
Terapias Y Masajes Terapeuticos Moxa,clinic,19.3727461,-99.2836739
Unnamed,dentist,19.6162015,-99.3288787
Dentalia,dentist,19.3686218,-99.2588201
Consultorio Dental,dentist,19.3174284,-99.2477444
Clinica Angeles,clinic,19.4002339,-99.2710026
Unnamed,dentist,19.3260490,-99.2484865
Unnamed,dentist,19.2693230,-99.2193787
Dental Moreno Ortiz,dentist,19.3736115,-99.2800154
Dif Pedregal,clinic,19.4239067,-99.2719205
Consultorio Medico,clinic,19.3229690,-99.2618684
Quiropractico Lora E Hijos,clinic,19.3051428,-99.2487304
Kerd Cardiologia,clinic,19.3613549,-99.2897983
Salud Dental Integral,dentist,19.3155853,-99.2243529
Clinicas De Cirugias Ambulatorias Daam,clinic,19.3570924,-99.2835720
Unnamed,dentist,19.6261753,-99.3145559
Consultorio De Psicologia,clinic,19.3733516,-99.2886289
Centro De Salud Urbano De San Fernando,clinic,19.3892714,-99.2825974
Clinica Dental San Judas Tadeo,dentist,19.3285880,-99.2556263
Consultorio médico,clinic,19.3198238,-99.2437385
Consultorio dental,dentist,19.3216538,-99.2645775
Consultorio médico,clinic,19.2907989,-99.2206268
Centro De Salud Exhacienda Eslava,clinic,19.2941344,-99.2432769
Unnamed,clinic,19.3104261,-99.2239274
Dentista,dentist,19.3843694,-99.3044778
Consultorio,clinic,19.6127647,-99.2948366
Consultorio Dental,dentist,19.6219011,-99.3118806
Terapeuta De Masajes En El Cdc Jalalpa Turno Matutino,clinic,19.3716832,-99.2391749
Consultorio Medico,clinic,19.2775372,-99.2281094
Consultorio Medico Sin Nombre,clinic,19.3608713,-99.3457835
Cg Consultorio Medico,clinic,19.3050346,-99.2491132
Consultorio Dental Sin Nombre,dentist,19.3225446,-99.2465754
Dispensario Medico Sin Nombre,clinic,19.2715225,-99.2330919
Unnamed,dentist,19.3705032,-99.2880762
Consultorio Medico Farmacias Similares,clinic,19.4517379,-99.2560163
Consultorio Dental Velasco,dentist,19.4144350,-99.2705879
Integralmente Psicologia,clinic,19.5525765,-99.2912249
Clinica De Especialidades Dentales,dentist,19.3075641,-99.2323415
Unnamed,clinic,19.4108501,-99.2719020
Unnamed,dentist,19.3648613,-99.2925842
Medik Integral Al Mansur,clinic,19.3673154,-99.2898002
Ewell Medica,clinic,19.4017396,-99.2753036
Dentista,dentist,19.3849036,-99.2810844
Podólogos,clinic,19.2851293,-99.2190029
Noor Clinic,hospital,19.4309949,-99.2820695
Consultorio Medico Farmacia Mi Salud,clinic,19.4175594,-99.2761289
Ortopedia Ortho Clinic,clinic,19.3576706,-99.2830388
Unnamed,dentist,19.3300778,-99.2621451
Unnamed,dentist,19.6301509,-99.3178384
Consultorio Medic Go,clinic,19.4417899,-99.3392013
Cuidado Del Pie,clinic,19.4415908,-99.2753204
Podologia Integral,clinic,19.2734804,-99.2255160
Unidad dental,dentist,19.2920005,-99.2238991
Consultorio médico,clinic,19.4403217,-99.2816819
Odontoligia Integral,dentist,19.4497596,-99.2829627
Unnamed,clinic,19.6269529,-99.3138843
Sanatorio Y Maternidad,clinic,19.4489399,-99.2841770
Consultorio dental,dentist,19.5527073,-99.2908363
Instituto De Oftalmologia,clinic,19.3577374,-99.2832692
Consultorio Terapias Armonia Salud Integral,clinic,19.2878924,-99.2299853
Centro Terapeutico,clinic,19.4440528,-99.2883021
Consultorio Dental Ideal Dent,dentist,19.2946612,-99.2227328
Centro De Rehabilitacion Bucal Y Estetica,dentist,19.2910271,-99.2385612
Unnamed,dentist,19.4328661,-99.2608403
Unnamed,clinic,19.6184639,-99.3090847
Unnamed,clinic,19.3866573,-99.2821102
Consultorio Medico Similares,clinic,19.3288438,-99.2551218
Instituto De Seguridad Y Servicios Sociales De Los Trabajadores Del Estado,clinic,19.3569016,-99.2972285
Consultorio Dental Ana,dentist,19.4607327,-99.2576297
Consultorio Dental,dentist,19.4488839,-99.2846233
Crop Kids,clinic,19.3966268,-99.2877981
Consultorio Dental Yu U Vii,dentist,19.2699691,-99.2281388
Absmile Design,dentist,19.3599884,-99.2791769
Consultorio Doctor Murillo,clinic,19.6095753,-99.2977367
Cunsultorio Dental Sin Nombre,dentist,19.3081432,-99.2470820
Consultorio Medicina General Integral,clinic,19.3135573,-99.2433607
Unidad Medica Urbana Oportunidades,clinic,19.3525451,-99.3194157
Clinica dental,dentist,19.6097092,-99.3051812
Consultorio Medico General,clinic,19.6119402,-99.3025231
Consultorio Medico Cuajimalpa,clinic,19.3764732,-99.2836270
Clinica Nuestra Señora De La Soledad Consultorio Ginecologia,clinic,19.3549036,-99.3009433
Consultorio Dental Gaby,dentist,19.4573691,-99.2722329
Consultorio Dental,dentist,19.3712430,-99.2886105
Sanatorio Santa Esperanza,hospital,19.4528623,-99.2762670
Dr Salomon Lupa,clinic,19.3578240,-99.2829752
Consultorio dental,dentist,19.3154288,-99.2413715
Clinica odontologica,dentist,19.3739168,-99.2802040
Consultorio dental,dentist,19.3527990,-99.2460622
Consultorio Dental,dentist,19.3765238,-99.2851974
Consultorio Dental,dentist,19.2777876,-99.2282380
Consultorio Dental,dentist,19.3640144,-99.2873262
Centro de Salud,clinic,19.3568269,-99.2972459
Clínica Médica Chamapa,clinic,19.4436739,-99.2731355
Consultorio Medico General,clinic,19.6031466,-99.2972482
Clínica Coyoacán,clinic,19.3513541,-99.1604207
Consultorio Medico Integral,clinic,19.5039857,-99.2763439
Consultorio Dental,dentist,19.4645497,-99.2691061
Consultorio Medico,clinic,19.4573133,-99.2610323
Consultorio Dental Salud Dental,dentist,19.4348164,-99.2650272
Odomtologia Salud Y Estetica Dental,dentist,19.3082414,-99.2292899
Consultorios Dentales Del Sector Privado,dentist,19.3584308,-99.2546846
Jenny Light,clinic,19.3836338,-99.2510127
Unnamed,dentist,19.3129646,-99.2436352
Consultorio Vitaldent,dentist,19.4538613,-99.2720130
Unnamed,dentist,19.3853379,-99.3041700
Consultorio Dental 147,dentist,19.3146555,-99.2324263
Terapias Alternativas,clinic,19.4525816,-99.2723188
Podología,clinic,19.4483023,-99.2748562
Consultorio Medico Y Dental,dentist,19.4486463,-99.2745182
Consultorio Y Estética Dental,dentist,19.4476043,-99.2756206
Consultorio Dental La Loma,dentist,19.4660207,-99.2676920
Consultorio Dental Odontologia Integral,dentist,19.4502169,-99.2763314
Consultorio Medico,clinic,19.4523110,-99.2775062
Consultorio Dental,dentist,19.4482669,-99.2800918
Consultorio Periferico Emiliano Zapata,dentist,19.4530874,-99.2771280
Consultorio Dental,dentist,19.4525755,-99.2784340
Odontoligia Integral,dentist,19.4530291,-99.2794147
Consultorio Médico SN,clinic,19.2812586,-99.2343307
Unnamed,dentist,19.6178877,-99.3236026
Consultorio Medico Country,clinic,19.4293735,-99.2501382
Especialidades Odontologicas,dentist,19.2900841,-99.2276439
Consultorio Dental,dentist,19.4453887,-99.2898014
Consultorio Similar,clinic,19.6059975,-99.2931005
Clínica Pediátrica Pigüi,clinic,19.4403782,-99.1974947
Clinica De Pisioterapia Fisiospacio,clinic,19.4483908,-99.2661631
Consultorio Médico San Gabriel,clinic,19.3489672,-99.3104471
Centro De Atencion Integral Al Paciente Diabetico,clinic,19.6177816,-99.3076314
Quiropedista Y Podologo,clinic,19.3957813,-99.2596529
Salud Para Todos,clinic,19.3819098,-99.2393448
Cosultorio Dental,dentist,19.5968573,-99.3092318
Consultorio Dental S N,dentist,19.2777455,-99.2405413
Consultorio Dental Siempre Limpio,dentist,19.3012052,-99.2544003
Dental del Perpetuo Socorro,dentist,19.3825180,-99.2405105
Anaptycs,clinic,19.4069325,-99.2716134
Unnamed,dentist,19.2741139,-99.2253815
Consultorio Dental Reynoso,dentist,19.3755117,-99.2849185
Unnamed,clinic,19.4578926,-99.2794763
Consultorio Dental Pakal,dentist,19.2846917,-99.2243019
Consultorio Dental,dentist,19.3184359,-99.2253748
Especialidades Dentales,dentist,19.6284633,-99.3185453
Consultorio Dental,dentist,19.3318164,-99.2723079
Unnamed,dentist,19.3242084,-99.2459921
Consultorio Dental SN,dentist,19.2777317,-99.2405243
Unnamed,dentist,19.3166514,-99.2451185
Farmacia Orquidea,clinic,19.3227110,-99.2426911
Dental Ind,dentist,19.3068781,-99.2655542
Clinica Dental Prima Digestio In Ore,dentist,19.2984408,-99.2274079
Unnamed,dentist,19.3544848,-99.2360090
Consultorio Dental Vickmag,dentist,19.4491395,-99.2565447
Consultorio Dental,dentist,19.3858654,-99.2826694
Homeopata Homeo Medics,clinic,19.6208664,-99.3104598
Consultorio Dental,dentist,19.3287087,-99.2562235
Unnamed,dentist,19.3600180,-99.3493572
Sid Sérvicio Integral De Odontología,dentist,19.2744607,-99.2262850
Especialidades Abcsanta Fe,clinic,19.3571939,-99.2845430
Unnamed,clinic,19.4498222,-99.2593321
Centreo De Desarrollo Social Y Comunitario Santa Lucia,clinic,19.3584297,-99.2547512
Consultorio Psicologico El Santo Cristo Del Pedregal,clinic,19.2924562,-99.2303543
Unnamed,dentist,19.4411370,-99.3384285
Clinica Medica Quezada,clinic,19.6196184,-99.3122824
Unnamed,dentist,19.3660734,-99.2922020
Unnamed,dentist,19.4591521,-99.2824696
Consultorio Dental Sin Nombre,dentist,19.3275884,-99.2790605
Medical Vet Cedros,dentist,19.3647880,-99.2881505
Consultorio Medico Sin Nombre,clinic,19.3236551,-99.3252937
Consultorio Medico Cerro Del Judio,clinic,19.3221060,-99.2460197
Consultorio dental Sonrie,dentist,19.5898334,-99.2946643
Odontología integral,dentist,19.6267479,-99.3133432
Odontologia Pediatrica,dentist,19.3083184,-99.2233819
Unnamed,dentist,19.3597118,-99.2531008
Consultorio Dental,dentist,19.4339891,-99.2660639
Consultorio Medico,clinic,19.2671277,-99.2403138
Clinica Medico Y Dental,dentist,19.3607520,-99.2910370
Consultorio De Dagnostico Integral Familiar,clinic,19.6269141,-99.3192697
Podologos,clinic,19.3563959,-99.3003994
Consultorio Medico,clinic,19.3548859,-99.2417280
Clinica Gil,clinic,19.6250650,-99.3155822
Unnamed,dentist,19.2704051,-99.2187344
Juego dental,dentist,19.4657406,-99.2687903
Consultorio Dental Maya,dentist,19.4613397,-99.2814235
Consultorio Dental,dentist,19.3618602,-99.2414908
Consultorio Dental,dentist,19.4491713,-99.2872090
Consultorio,clinic,19.4373001,-99.2677335
Odontología Infantil Maya,dentist,19.6184895,-99.3022285
Medicina Alternativa,clinic,19.2683638,-99.2293880
Consultorio dental,dentist,19.4016166,-99.2715832
Consultorio Psicologico,clinic,19.4251917,-99.2737994
Consultorio Dental,dentist,19.3272973,-99.2567942
Consultorio Dental,dentist,19.4468556,-99.2790350
Consultorio Dental,dentist,19.4468556,-99.2790350
Consultorio Dental,dentist,19.4265070,-99.2713103
Consultorio Medico,clinic,19.4298333,-99.2710474
Farmacia Family Farma,clinic,19.2989940,-99.2624854
Centro De Salud Mancha 1,clinic,19.4334251,-99.2685637
Consultorio Dental,dentist,19.4375833,-99.2638564
Consultorio dental Periferico San Mateo Nopala,dentist,19.5032544,-99.2674023
Odontologia Integral Naydent,dentist,19.4452091,-99.2583230
Consultoriomedico Periferico,clinic,19.4379324,-99.2627299
Consultorio Del Norte,clinic,19.4394803,-99.2593610
Consultorio Gi,clinic,19.3647399,-99.2927894
Consultorio Dental Juarez,dentist,19.4398926,-99.2592511
Consultorio Medico Del Dr. Reyes,clinic,19.3481594,-99.3038697
Consultorio Medico,clinic,19.4398623,-99.2589292
Dental Medic,dentist,19.2739626,-99.2254613
Consultorio Medico La Providencia,clinic,19.3571913,-99.2374715
Consultorio Medico,clinic,19.3495437,-99.3023032
Consultorio Dental Sin Nombre,dentist,19.3232387,-99.2416839
Dentalia,dentist,19.3829279,-99.2676222
Consultorio Dental Torres De Padierna,dentist,19.2824638,-99.2284700
Punto Saludable,clinic,19.4197073,-99.2809035
Unnamed,clinic,19.6272425,-99.3359429
Cirujano Dentista,dentist,19.2997738,-99.2243671
Consultorio Dental,dentist,19.3250353,-99.2843522
Consultorio Medico,clinic,19.3835218,-99.3047826
Clinica De La Mujer,clinic,19.3570775,-99.2846951
Consultorio Dentalsan Miguel,dentist,19.5961784,-99.3043497
Odontologia Integral Baher,dentist,19.4902352,-99.2719875
Consultorio Medico,clinic,19.2975073,-99.2600129
Unnamed,clinic,19.6255975,-99.3087649
Consultorio Dental,dentist,19.6059363,-99.2929924
Consultorio Medico,clinic,19.3548742,-99.2417693
Odontologia Dental Especializada,dentist,19.2907516,-99.2190255
Unnamed,dentist,19.3538256,-99.3015803
Consultorio Medico San Francisco,clinic,19.4481910,-99.2905672
Consultorio Dental Magdalena,dentist,19.4196818,-99.3250611
Consultorio Medico Sin Nombre,clinic,19.3221083,-99.2473880
Am Sallud,clinic,19.3932608,-99.2808576
Consultorio Dif,clinic,19.4456603,-99.2840612
Unnamed,clinic,19.6205572,-99.3133429
Unnamed,dentist,19.4579913,-99.2628148
Consultorio Psicologico,clinic,19.3606701,-99.2910502
Tratamientos Odontológicos Infantiles,dentist,19.3114370,-99.2486867
Consultorio Psicologico Mocavi,clinic,19.2820998,-99.2326297
Centro De Salud T3 Cultura Maya,clinic,19.2759821,-99.2218789
Consultorio Dental Integral Ocaña,dentist,19.3743943,-99.2870074
Cuidado Del Pie,clinic,19.4181134,-99.2689717
Unnamed,clinic,19.3125998,-99.2595178
Consultorio Dental,dentist,19.2941169,-99.2321025
Cirujano Dentista,dentist,19.3686931,-99.2429754
Clinica Medica Doctor Rafael Clark,clinic,19.3213954,-99.2460036
Consultorio De Psicología,clinic,19.5525819,-99.2911574
Patronato Medico Abc,clinic,19.3587862,-99.2813658
Consultorio Dental  Martinez,dentist,19.3229990,-99.2443489
Consultorio Homeopatico,clinic,19.6218296,-99.3282697
Consultorio Dental,dentist,19.3003303,-99.2557462
Consultorio Médico Quintana,clinic,19.4577058,-99.2686971
Odontología Integral,dentist,19.3508092,-99.2816813
Consultorio Dental,dentist,19.3173581,-99.2556623
Consultorio Dental bro,dentist,19.4683390,-99.2632427
Centro De Salud San Nicolas,clinic,19.2980939,-99.2435548
ISSSTE Hospital General José María Morelos y Pavón,hospital,19.3630536,-98.9952885
Consultorio Dental Maria,dentist,19.3237870,-99.2488513
Dentista  avl,dentist,19.2791170,-99.2323905
Consultorio Medico,clinic,19.4191379,-99.3269463
Consultorio Dental Venustianpo,dentist,19.3257841,-99.2520790
Consultorio Dental,dentist,19.3623025,-99.3498221
Clinica Dental Prima Digestio In Ore,dentist,19.2983770,-99.2274186
Marcelo Balboa,dentist,19.3733020,-99.1761281
Consultorio Medico General,clinic,19.3609246,-99.3492495
Redufacil Ajusco,clinic,19.2909241,-99.2183433
Escuela Para Artistas Santa Cecilia,clinic,19.3073902,-99.2334359
Centro De Atención Psicológica Tepetzintlán Dif,clinic,19.4397153,-99.2923867
Macfer,hospital,19.3588310,-99.2814581
Centro Óptico De Diagnóstico Granada,clinic,19.3650135,-99.2872265
Ozono Dentalmedic,dentist,19.3173668,-99.2295535
Centro Podologico San Francisco,clinic,19.3101859,-99.2325228
Bienestar Integral,clinic,19.3747342,-99.2848390
Consultorio Dental,dentist,19.3590111,-99.2416427
Unnamed,dentist,19.4423145,-99.3394437
Medico,clinic,19.3258875,-99.2453612
Odontologia Integral,dentist,19.3011028,-99.2233344
Consultorio Dental,dentist,19.4387617,-99.2743582
Plaza Medica 24 Hrs,clinic,19.3566445,-99.2990957
Consultorio Medico,clinic,19.3281148,-99.2813873
Azul Organico Terapia Con Balines,clinic,19.3093765,-99.2516041
Consultorio Dentae,dentist,19.3258268,-99.2461672
Clinica Dermatologica,clinic,19.3826710,-99.2674404
Consultorio Dental Brimen,dentist,19.2764902,-99.2225015
Consultorio Dental Biodental,dentist,19.6203423,-99.3010931
Unnamed,dentist,19.6173357,-99.3296899
Fundacion Salud Urbano,clinic,19.2882310,-99.2351629
Unnamed,clinic,19.4449219,-99.2831224
Consultorio Dental,dentist,19.4950483,-99.2746569
Consultorio Dental Lyo,dentist,19.3719440,-99.2867955
Terapias Scenar,clinic,19.2988195,-99.2230549
Camas Termicas,clinic,19.2919803,-99.2228430
Consultorio,dentist,19.3193896,-99.2633964
Dentista,dentist,19.4886492,-99.2874633
Consultorio Medico,clinic,19.6177654,-99.3071609
Consultorio Medico De Farmacia De Genericos Y Similares Generics,clinic,19.3290673,-99.2534061
Consultorio Dental Promodem,dentist,19.4562528,-99.2649457
Desarrollo Milaz,clinic,19.3773467,-99.2520705
Consultorio Pediatrico,clinic,19.3569636,-99.2995781
Optica Maldonado,clinic,19.3129304,-99.2593664
Consultorio Dental,dentist,19.3611491,-99.2497748
Consultorio Dental Huixquilucan,dentist,19.4403150,-99.2541897
Dentista 	Campanitas,dentist,19.3713088,-99.2853570
Consultorio Dental,dentist,19.3171146,-99.2481413
Dialogo Psicologia,clinic,19.6206744,-99.3137455
Consultorío Dental Sin Nombre,dentist,19.2947853,-99.2305300
Neodentis Clinica De Especialidades Odontologicas,dentist,19.4016072,-99.2743626
Unnamed,clinic,19.6248329,-99.3191823
Consultorio Dental,dentist,19.3250053,-99.2857274
Consultorio Psicologico,clinic,19.4601030,-99.2578858
Dispensario Dental,dentist,19.6113843,-99.3031830
Consultorio Medico Farmacia La Generosa,clinic,19.6055023,-99.2922047
Fisioterapia Y Rehabilitacion,clinic,19.3953633,-99.2895453
Healthy Foot,clinic,19.3408303,-99.2520037
Dntal Santa Fe,dentist,19.3590181,-99.2748551
Consultorio Dental,dentist,19.6011815,-99.2994359
Consultorio Dental Tu Dentista,dentist,19.4222953,-99.2766452
Renace Fisioterapia,clinic,19.2934208,-99.2207104
Centro De Salud T1 Tierra Y Libertad,clinic,19.2707287,-99.2378873
Consultorio Y Farmacia,clinic,19.6143430,-99.3125063
Dentista,dentist,19.3563942,-99.3004130
Dentista Orthodontic,dentist,19.3172933,-99.2624748
Consultorio Dental,dentist,19.3617848,-99.3486622
Consultorio Dental Vega,dentist,19.5902852,-99.2877321
Dental Center,dentist,19.6243938,-99.3171897
Consultorio Dental Rosdent,dentist,19.3264413,-99.2865498
Consultorio Deltal,dentist,19.2888993,-99.2242911
Consultorio Medico,clinic,19.3069451,-99.2610414
Consultorio Dental,dentist,19.3605481,-99.2367218
Consultorio dental G & G,dentist,19.5521800,-98.9135039
Consultorio Medico,clinic,19.4639025,-99.2804204
Dentista,dentist,19.3204051,-99.2455293
Unnamed,dentist,19.4446847,-99.2795540
Consultorio Medico,clinic,19.2833431,-99.2174207
Consultorio Dental Artes,dentist,19.4604056,-99.2864625
Dientes Sanos,dentist,19.3215604,-99.2426576
Consultorio Medico Gi,clinic,19.4194107,-99.2689772
Consultorio Dental Sin Nombre,dentist,19.6005435,-99.2904036
Podologo,clinic,19.3102498,-99.2277275
Consultorio Dental,dentist,19.2941181,-99.2400402
Royer Dent,dentist,19.3087707,-99.2309730
Centro De Salud El Globo,clinic,19.6250906,-99.2955588
Unnamed,dentist,19.5556829,-98.9164120
Dental Sonrisas Brillantes,dentist,19.3563390,-99.2975501
Dentista,dentist,19.2682130,-99.2254732
Consultorio Dental Jacarandas,dentist,19.3971277,-99.3148337
Consultorio Dental Psicologico Y Nutriologo,dentist,19.3246306,-99.2622903
Consultorio Dental,dentist,19.3633926,-99.2486877
Centro Holistico Rianda,clinic,19.3011500,-99.2482591
Consultorio Medico,clinic,19.3595397,-99.2492545
Unnamed,dentist,19.6177182,-99.3317333
Luna Amparo Ochoa,hospital,19.3483646,-99.3030516
"Clínica de Atención Integral de la Mujer ""Romero Rubio""",hospital,19.4439419,-99.0903861
Luna Amparo O Castorena,hospital,19.3569212,-99.2944801
La Clínica Dental,dentist,19.3790105,-99.1875013
PLENNA,clinic,19.3469712,-99.1882932
Clínica de Medicina Familiar Revolución ISSSTE,clinic,19.3897333,-99.1861263
Cruz Roja Mexicana Iap,clinic,19.6263144,-99.3183463
Dentinin Consultorio Dental,dentist,19.4663212,-99.2688194
Unnamed,dentist,19.2928319,-99.2231877
Unnamed,clinic,19.3560475,-99.3005391
Unnamed,dentist,19.6210625,-99.3139786
Unnamed,clinic,19.6191794,-99.3096377
Unnamed,dentist,19.3560662,-99.2953710
Elizabeth Díaz Salazar,dentist,19.5919582,-98.9617647
Instituto de Integracion y Desarrollo del Potencial Humano Ac,clinic,19.3195329,-99.2256237
Consultorio Dental Palmas,dentist,19.4650247,-99.2798643
Unnamed,clinic,19.4441109,-99.2755042
Unnamed,dentist,19.2958085,-99.2296808
Clínica de Especialidades Ajusco Cea,clinic,19.2218850,-99.2020267
Unnamed,dentist,19.3152093,-99.2572066
Unnamed,clinic,19.3019144,-99.2234775
Unnamed,clinic,19.3140518,-99.2430211
Itzamna,clinic,19.3244962,-99.2686005
Farmacia y Consultorio Médico Pro-economía,clinic,19.4447799,-99.2784404
Unnamed,clinic,19.6060915,-99.2924435
Odontología Integral,dentist,19.4526561,-99.2690185
Unnamed,dentist,19.2825124,-99.2343731
Centro De Alineacion Y Unificación Humanaterapia Alfabiótica,clinic,19.6216875,-99.3149166
Consultorio Dental Clean Dental,dentist,19.4566499,-99.2897140
Unnamed,dentist,19.2973033,-99.2242710
Unnamed,clinic,19.3608763,-99.3475772
Consultorio Dental Kameyama Dental Care,dentist,19.2876715,-99.2242426
Consultorio Naturista,clinic,19.2726663,-99.2176087
Unnamed,clinic,19.3582903,-99.2381516
Unnamed,dentist,19.3269017,-99.2332242
Unidad Médica Movil Xalpa,clinic,19.3136686,-99.3283498
Unnamed,dentist,19.6291647,-99.3421621
Unnamed,dentist,19.3217790,-99.2459180
Unnamed,dentist,19.3172943,-99.2566345
Unnamed,clinic,19.3715563,-99.2854114
Unnamed,clinic,19.3188839,-99.2374659
Unnamed,clinic,19.2897505,-99.2306069
Centro Quiropractico Guzman,clinic,19.3516482,-99.3080761
Unnamed,dentist,19.4437659,-99.2881966
La Retama,clinic,19.3762905,-99.2878849
Dental Diaz,dentist,19.6255580,-99.3133166
Unnamed,dentist,19.4420465,-99.2887063
Odontologia Integral,dentist,19.3321432,-99.2447250
Headin Medical,clinic,19.3607398,-99.2702726
Coi Santa Fe,clinic,19.3713910,-99.2657160
Unnamed,dentist,19.2810880,-99.2429338
Unnamed,clinic,19.3265324,-99.2620537
Unidad Imss Oportunidades Ocotal 2,clinic,19.2998129,-99.2607372
Ciudad Salud,clinic,19.3635050,-99.3414726
Ricarden Consultorio Dental,dentist,19.3157761,-99.2575565
Grupo Medico Gil,clinic,19.6225814,-99.3163107
Unnamed,clinic,19.6266863,-99.3134554
Unnamed,clinic,19.3219967,-99.2624964
Unnamed,dentist,19.2776073,-99.2339928
Unnamed,clinic,19.6198326,-99.3019696
Consultorio Dental Juárez,dentist,19.6257419,-99.3082304
Consultorio Médico Niño Jesús,clinic,19.4476541,-99.2820678
Unnamed,dentist,19.2851666,-99.2329015
Unnamed,clinic,19.3752664,-99.2932988
Sanatorio Maria De Lourdes,clinic,19.3004457,-99.2341955
Unnamed,dentist,19.6096111,-99.2973975
Orthodentics Dental Shine,dentist,19.5528967,-99.2991133
Consultorio Dental Integral,dentist,19.4153333,-99.2700331
Unnamed,dentist,19.3315357,-99.2460520
Dentista Juquilita,dentist,19.4904131,-99.2873736
Fuente De Pegaso,clinic,19.3969070,-99.2585720
Unnamed,clinic,19.2913815,-99.2309630
Instituto de Salud del Estado de México,clinic,19.3981093,-99.3118400
Unnamed,dentist,19.3527977,-99.3184176
Unnamed,dentist,19.4495224,-99.2588195
Unnamed,clinic,19.3882609,-99.2773240
Unnamed,dentist,19.6252205,-99.3177081
Unnamed,clinic,19.3807089,-99.3036601
Dentalisima,dentist,19.4190905,-99.1588260
Centro De Salud T-ii San Bartolo Ameyalco,clinic,19.3273059,-99.2466836
Xaredental,dentist,19.4591126,-99.2826112
Clinica Dental America,dentist,19.2865469,-99.2206973
Unnamed,clinic,19.3050732,-99.2401932
Modulo Periférico De Salud,clinic,19.5981504,-99.3057447
Consultorio Dental De Rehabilitacion Dentofacial,dentist,19.2953792,-99.2317630
Mi Clinica,dentist,19.3639919,-99.2871425
Unnamed,clinic,19.4490813,-99.2886880
Unnamed,dentist,19.6232949,-99.3187170
Unnamed,clinic,19.3539410,-99.3013829
Unnamed,dentist,19.2916056,-99.2263294
Consultorio Médico San Rafael,clinic,19.4548082,-99.2641828
Condultorio Dental UNAM,dentist,19.2703606,-99.2387748
Consultorio Medico Medical Life,clinic,19.3070416,-99.2658243
Centro De Salud Rural Disperso La Magdalena Ocotitlan,clinic,19.4607737,-99.2669745
Unnamed,dentist,19.3023352,-99.2335885
Dentista Urgencias Rx,dentist,19.3537360,-99.2994984
Unnamed,dentist,19.6129579,-99.3163314
Consultorio Dental Medix,dentist,19.2829964,-99.2278630
Centro De Salud Rincon Verde,clinic,19.5022127,-99.2843954
Centro De Salud San Rafael Chamapa,clinic,19.4565512,-99.2568663
Unnamed,dentist,19.6220589,-99.3099478
Unnamed,clinic,19.4574212,-99.2581543
Consultorio Medico Y Dental Minas Coyote,clinic,19.4362489,-99.2893623
Unnamed,clinic,19.4908409,-99.2864977
Unnamed,dentist,19.6267060,-99.3128633
Centro Especializado En Adicciones Tercer Milenio Regreso A La Vida,dentist,19.3570871,-99.3067715
Unnamed,clinic,19.6276125,-99.3131187
Unnamed,dentist,19.3757126,-99.2953903
Unnamed,dentist,19.2820146,-99.2325000
Clinica La Sagrada Familia,dentist,19.3739697,-99.2851212
Unnamed,dentist,19.3740482,-99.2810180
Adn Medica Pharma,clinic,19.3801451,-99.2434424
Unnamed,dentist,19.2792241,-99.2383312
Unnamed,dentist,19.3835027,-99.2830071
Unnamed,dentist,19.4189421,-99.3311056
Centro Medico Interlomas,clinic,19.4146396,-99.2703031
Consultorio Dental Orthodent,dentist,19.6143152,-99.3356074
Consultorio Farmacia Gi,clinic,19.4876337,-99.2733479
Unnamed,dentist,19.6069404,-99.3107095
Unnamed,dentist,19.4654694,-99.2740217
Unnamed,clinic,19.3532557,-99.3169177
Unnamed,clinic,19.4368918,-99.2747743
Consultorio Dental Morelos,dentist,19.3612174,-99.3480759
Hospitalito,hospital,19.4400723,-99.1941519
Unnamed,clinic,19.4489695,-99.1561736
Casasa Dental Center,dentist,19.3781987,-99.1677328
CEMENAV - CENTRO MÉDICO NAVAL,hospital,19.3235342,-99.1255140
